Artist,Rank,Song,Year,Country,Points,Language
Jetty Paerl,2,De vogels van Holland,1956,Netherlands,,Dutch
Lys Assia,2,Das alte Karussell,1956,Switzerland,,German
Fud Leclerc,2,Messieurs les noyés de la Seine,1956,Belgium,,French
Walter Andreas Schwarz,2,Im Wartesaal zum großen Glück,1956,Germany,,German
Mathé Altéry,2,Le temps perdu,1956,France,,French
Michèle Arnaud,2,Ne crois pas,1956,Luxembourg,,French
Franca Raimondi,2,Aprite le finestre,1956,Italy,,Italian
Corry Brokken,2,Voorgoed voorbij,1956,Netherlands,,Dutch
Lys Assia,1,Refrain,1956,Switzerland,,French
Mony Marc,2,Le plus beau jour de ma vie,1956,Belgium,,French
Freddy Quinn,2,So geht das jede Nacht,1956,Germany,,German
Dany Dauberson,2,Il est là,1956,France,,French
Michèle Arnaud,2,Les amants de minuit,1956,Luxembourg,,French
Tonina Torrielli,2,Amami se vuoi,1956,Italy,,Italian
Bobbejaan Schoepen,8,Straatdeuntje,1957,Belgium,5,Dutch
Danièle Dupré,4,Amours mortes (tant de peine),1957,Luxembourg,8,French
Patricia Bredin,7,All,1957,United Kingdom,6,English
Nunzio Gallo,6,Corde della mia chitarra,1957,Italy,7,Italian
Bob Martin,10,"Wohin, kleines Pony?",1957,Austria,3,German
Corry Brokken,1,Net als toen,1957,Netherlands,31,Dutch
Margot Hielscher,4,"Telefon, Telefon",1957,Germany,8,German
Paule Desjardins,2,La belle amour,1957,France,17,French
Birthe Wilke & Gustav Winckler,3,Skibet skal sejle i nat,1957,Denmark,10,Danish
Lys Assia,8,L'enfant que j'étais,1957,Switzerland,5,French
Domenico Modugno,3,Nel blu dipinto di blu,1958,Italy,13,Italian
Corry Brokken,9,Heel de wereld,1958,Netherlands,1,Dutch
André Claveau,1,"Dors, mon amour",1958,France,27,French
Solange Berry,9,Un grand amour,1958,Luxembourg,1,French
Alice Babs,4,Lilla stjärna,1958,Sweden,10,Swedish
Raquel Rastenni,8,Jeg rev et blad ud af min dagbog,1958,Denmark,3,Danish
Fud Leclerc,5,Ma petite chatte,1958,Belgium,8,French
Margot Hielscher,7,Für zwei Groschen Musik,1958,Germany,5,German
Liane Augustin,5,Die ganze Welt braucht Liebe,1958,Austria,8,German
Lys Assia,2,Giorgio,1958,Switzerland,24,"German, Italian"
Jean Philippe,3,"Oui, oui, oui, oui",1959,France,15,French
Birthe Wilke,5,"Uh, jeg ville ønske jeg var dig",1959,Denmark,12,Danish
Domenico Modugno,6,"Piove (Ciao, ciao bambina)",1959,Italy,9,Italian
Jacques Pills,11,Mon ami Pierrot,1959,Monaco,1,French
Teddy Scholten,1,Een beetje,1959,Netherlands,21,Dutch
Alice & Ellen Kessler,8,Heute Abend wollen wir tanzen geh'n,1959,Germany,5,German
Brita Borg,9,Augustin,1959,Sweden,4,Swedish
Christa Williams,4,Irgendwoher,1959,Switzerland,14,German
Ferry Graf,9,Der K und K Kalypso aus Wien,1959,Austria,4,German
Pearl Carr & Teddy Johnson,2,"Sing, Little Birdie",1959,United Kingdom,16,English
Bob Benny,6,Hou toch van mij,1959,Belgium,9,Dutch
Bryan Johnson,2,"Looking High, High, High",1960,United Kingdom,25,English
Siw Malmkvist,10,Alla andra får varann,1960,Sweden,4,Swedish
Camillo Felgen,13,So laang we's du do bast,1960,Luxembourg,1,Luxembourgish
Katy Bødtger,10,Det var en yndig tid,1960,Denmark,4,Danish
Fud Leclerc,6,Mon amour pour toi,1960,Belgium,9,French
Nora Brockstedt,4,Voi Voi1,1960,Norway,11,Norwegian
Harry Winter,7,Du hast mich so fasziniert,1960,Austria,6,German
François Deguelt,3,Ce soir-là,1960,Monaco,15,French
Anita Traversi,8,Cielo e terra,1960,Switzerland,5,Italian
Rudi Carrell,12,Wat een geluk,1960,Netherlands,2,Dutch
Wyn Hoop,4,Bonne nuit ma chérie,1960,Germany,11,"German, French"
Renato Rascel,8,Romantica,1960,Italy,5,Italian
Jacqueline Boyer,1,Tom Pillibi,1960,France,32,French
Conchita Bautista,9,Estando contigo,1961,Spain,8,Spanish
Colette Deréal,10,"Allons, allons les enfants",1961,Monaco,6,French
Jimmy Makulis,15,Sehnsucht,1961,Austria,1,German
Laila Kinnunen,10,Valoa ikkunassa,1961,Finland,6,Finnish
Ljiljana Petrović,8,Neke davne zvezde (Неке давне звезде),1961,Yugoslavia,9,Serbian
Greetje Kauffeld,10,Wat een dag,1961,Netherlands,6,Dutch
Lill-Babs,14,"April, april",1961,Sweden,2,Swedish
Lale Andersen,13,Einmal sehen wir uns wieder,1961,Germany,3,"German, French"
Jean-Paul Mauric,4,"Printemps, avril carillonne",1961,France,13,French
Franca di Rienzo,3,Nous aurons demain,1961,Switzerland,16,French
Bob Benny,15,"September, gouden roos",1961,Belgium,1,Dutch
Nora Brockstedt,7,Sommer i Palma,1961,Norway,10,Norwegian
Dario Campeotto,5,Angelique,1961,Denmark,12,Danish
Jean-Claude Pascal,1,Nous les amoureux,1961,Luxembourg,31,French
The Allisons,2,Are You Sure?,1961,United Kingdom,24,English
Betty Curtis,5,Al di là,1961,Italy,12,Italian
Marion Rung,7,Tipi-tii,1962,Finland,4,Finnish
Fud Leclerc,13,Ton nom,1962,Belgium,0,French
Victor Balaguer,13,Llámame,1962,Spain,0,Spanish
Eleonore Schwarz,13,Nur in der Wiener Luft,1962,Austria,0,German
Ellen Winther,10,Vuggevise,1962,Denmark,2,Danish
Inger Berggren,7,Sol och vår,1962,Sweden,4,Swedish
Conny Froboess,6,Zwei kleine Italiener,1962,Germany,9,German
De Spelbrekers,13,Katinka,1962,Netherlands,0,Dutch
Isabelle Aubret,1,Un premier amour,1962,France,26,French
Inger Jacobsen,10,"Kom sol, kom regn",1962,Norway,2,Norwegian
Jean Philippe,10,Le retour,1962,Switzerland,2,French
Lola Novaković,4,Ne pali svetla u sumrak (Не пали светла у сумрак),1962,Yugoslavia,10,Serbian
Ronnie Carroll,4,Ring-A-Ding Girl,1962,United Kingdom,10,English
Camillo Felgen,3,Petit bonhomme,1962,Luxembourg,11,French
Claudio Villa,9,"Addio, addio",1962,Italy,3,Italian
François Deguelt,2,Dis rien,1962,Monaco,13,French
Ronnie Carroll,4,Say Wonderful Things,1963,United Kingdom,28,English
Annie Palmen,13,Een speeldoos,1963,Netherlands,0,Dutch
Heidi Brühl,9,Marcel,1963,Germany,5,German
Carmela Corren,7,Vielleicht geschieht ein Wunder,1963,Austria,16,"German, English"
Anita Thallaug,13,Solhverv,1963,Norway,0,Norwegian
Emilio Pericoli,3,Uno per tutte,1963,Italy,37,Italian
Laila Halme,13,Muistojeni laulu,1963,Finland,0,Finnish
Grethe & Jørgen Ingmann,1,Dansevise,1963,Denmark,42,Danish
Vice Vukov,11,Brodovi,1963,Yugoslavia,3,Croatian
Esther Ofarim,2,T'en va pas,1963,Switzerland,40,French
Alain Barrière,5,Elle était si jolie,1963,France,25,French
José Guardiola,12,Algo prodigioso,1963,Spain,2,Spanish
Monica Zetterlund,13,En gång i Stockholm,1963,Sweden,0,Swedish
Jacques Raymond,10,Waarom?,1963,Belgium,4,Dutch
Françoise Hardy,5,L'amour s'en va,1963,Monaco,25,French
Nana Mouskouri,8,À force de prier,1963,Luxembourg,13,French
Hugues Aufray,4,Dès que le printemps revient,1964,Luxembourg,14,French
Anneke Grönloh,10,Jij bent mijn leven,1964,Netherlands,2,Dutch
Arne Bendiksen,8,Spiral,1964,Norway,6,Norwegian
Bjørn Tidmand,9,Sangen om dig,1964,Denmark,4,Danish
Lasse Mårtenson,7,Laiskotellen,1964,Finland,9,Finnish
Udo Jürgens,6,"Warum nur, warum?",1964,Austria,11,German
Rachel,4,Le chant de Mallory,1964,France,14,French
Matt Monro,2,I Love the Little Things,1964,United Kingdom,17,English
Nora Nova,13,Man gewöhnt sich so schnell an das Schöne,1964,Germany,0,German
Romuald,3,Où sont-elles passées,1964,Monaco,15,French
António Calvário,13,Oração,1964,Portugal,0,Portuguese
Gigliola Cinquetti,1,Non ho l'età,1964,Italy,49,Italian
Sabahudin Kurt,13,Život je sklopio krug,1964,Yugoslavia,0,Bosnian
Anita Traversi,13,I miei pensieri,1964,Switzerland,0,Italian
Robert Cogoi,10,Près de ma rivière,1964,Belgium,2,French
Los TNT,12,Caracola,1964,Spain,1,Spanish
Conny van den Bos,11,'t Is genoeg,1965,Netherlands,5,Dutch
Kathy Kirby,2,I Belong,1965,United Kingdom,26,English
Conchita Bautista,15,"¡Qué bueno, qué bueno!",1965,Spain,0,Spanish
Butch Moore,6,Walking the Streets in the Rain,1965,Ireland,11,English
Ulla Wiesner,15,"Paradies, wo bist du?",1965,Germany,0,German
Udo Jürgens,4,"Sag ihr, ich lass sie grüßen",1965,Austria,16,German
Kirsti Sparboe,13,Karusell,1965,Norway,1,Norwegian
Lize Marke,15,Als het weer lente is,1965,Belgium,0,Dutch
Marjorie Noël,9,Va dire à l'amour,1965,Monaco,7,French
Ingvar Wixell,10,Absent Friend,1965,Sweden,6,English
Guy Mardel,3,N'avoue jamais,1965,France,22,French
Simone de Oliveira,13,Sol de inverno,1965,Portugal,1,Portuguese
Bobby Solo,5,"Se piangi, se ridi",1965,Italy,15,Italian
Birgit Brüel,7,For din skyld,1965,Denmark,10,Danish
France Gall,1,"Poupée de cire, poupée de son",1965,Luxembourg,32,French
Viktor Klimenko,15,Aurinko laskee länteen,1965,Finland,0,Finnish
Vice Vukov,12,Čežnja,1965,Yugoslavia,2,Croatian
Yovanna,8,"Non, à jamais sans toi",1965,Switzerland,8,French
Margot Eskens,10,Die Zeiger der Uhr,1966,Germany,7,German
Ulla Pia,14,Stop – mens legen er go',1966,Denmark,4,Danish
Tonia,4,"Un peu de poivre, un peu de sel",1966,Belgium,14,French
Michèle Torr,10,Ce soir je t'attendais,1966,Luxembourg,7,French
Berta Ambrož,7,Brez besed,1966,Yugoslavia,9,Slovene
Åse Kleveland,3,Intet er nytt under solen,1966,Norway,15,Norwegian
Ann Christine,10,Playboy,1966,Finland,7,Finnish
Madalena Iglésias,13,Ele e ela,1966,Portugal,6,Portuguese
Udo Jürgens,1,"Merci, Chérie",1966,Austria,31,German1
Lill Lindfors & Svante Thuresson,2,Nygammal vals,1966,Sweden,16,Swedish
Raphael,7,Yo soy aquél,1966,Spain,9,Spanish
Madeleine Pascal,6,Ne vois-tu pas?,1966,Switzerland,12,French
Téréza,17,Bien plus fort,1966,Monaco,0,French
Domenico Modugno,17,"Dio, come ti amo",1966,Italy,0,Italian
Dominique Walter,16,Chez nous,1966,France,1,French
Milly Scott,15,Fernando en Filippo,1966,Netherlands,2,Dutch
Dickie Rock,4,Come Back to Stay,1966,Ireland,14,English
Kenneth McKellar,9,A Man Without Love,1966,United Kingdom,8,English
Thérèse Steinmetz,14,Ring-dinge-ding,1967,Netherlands,2,Dutch
Vicky Leandros,4,L'amour est bleu,1967,Luxembourg,17,French
Peter Horton,14,Warum es hunderttausend Sterne gibt,1967,Austria,2,German
Noëlle Cordier,3,Il doit faire beau là-bas,1967,France,20,French
Eduardo Nascimento,12,O vento mudou,1967,Portugal,3,Portuguese
Géraldine,17,Quel cœur vas-tu briser?,1967,Switzerland,0,French
Östen Warnerbring,8,Som en dröm,1967,Sweden,7,Swedish
Fredi,12,Varjoon – suojaan,1967,Finland,3,Finnish
Inge Brück,8,Anouschka,1967,Germany,7,German
Louis Neefs,7,Ik heb zorgen,1967,Belgium,8,Dutch
Sandie Shaw,1,Puppet on a String,1967,United Kingdom,47,English
Raphael,6,Hablemos del amor,1967,Spain,9,Spanish
Kirsti Sparboe,14,Dukkemann,1967,Norway,2,Norwegian
Minouche Barelli,5,Boum-Badaboum,1967,Monaco,10,French
Lado Leskovar,8,Vse rože sveta,1967,Yugoslavia,7,Slovene
Claudio Villa,11,Non andare più lontano,1967,Italy,4,Italian
Sean Dunphy,2,If I Could Choose,1967,Ireland,22,English
Carlos Mendes,11,Verão,1968,Portugal,5,Portuguese
Ronnie Tober,16,Morgen,1968,Netherlands,1,Dutch
Claude Lombard,7,Quand tu reviendras,1968,Belgium,8,French
Karel Gott,13,Tausend Fenster,1968,Austria,2,German
Chris Baldo & Sophie Garel,11,Nous vivrons d'amour,1968,Luxembourg,5,French
Gianni Mascolo,13,Guardando il sole,1968,Switzerland,2,Italian
Line & Willy,7,À chacun sa chanson,1968,Monaco,8,French
Claes-Göran Hederström,5,"Det börjar verka kärlek, banne mej",1968,Sweden,15,Swedish
Kristina Hautala,16,Kun kello käy,1968,Finland,1,Finnish
Isabelle Aubret,3,La source,1968,France,20,French
Sergio Endrigo,10,Marianne,1968,Italy,7,Italian
Cliff Richard,2,Congratulations,1968,United Kingdom,28,English
Odd Børre,13,Stress,1968,Norway,2,Norwegian
Pat McGuigan,4,Chance of a Lifetime,1968,Ireland,18,English
Massiel,1,"La, la, la",1968,Spain,29,Spanish
Wenche Myhre,6,Ein Hoch der Liebe,1968,Germany,11,German
Dubrovački trubaduri,7,Jedan dan,1968,Yugoslavia,8,Croatian
Ivan & 4M,13,Pozdrav svijetu,1969,Yugoslavia,5,Croatian
Romuald,11,Catherine,1969,Luxembourg,7,French
Salomé,1,Vivo cantando,1969,Spain,18,Spanish
Jean Jacques,6,"Maman, Maman",1969,Monaco,11,French
Muriel Day & The Lindsays,7,The Wages of Love,1969,Ireland,10,English
Iva Zanicchi,13,Due grosse lacrime bianche,1969,Italy,5,Italian
Lulu,1,Boom Bang-a-Bang,1969,United Kingdom,18,English
Lenny Kuhr,1,De troubadour,1969,Netherlands,18,Dutch
Tommy Körberg,9,"Judy, min vän",1969,Sweden,8,Swedish
Louis Neefs,7,Jennifer Jennings,1969,Belgium,10,Dutch
Paola Del Medico,5,"Bonjour, Bonjour",1969,Switzerland,13,German
Kirsti Sparboe,16,"Oj, oj, oj, så glad jeg skal bli",1969,Norway,1,Norwegian
Siw Malmkvist,9,Primaballerina,1969,Germany,8,German
Frida Boccara,1,"Un jour, un enfant",1969,France,18,French
Simone de Oliveira,15,Desfolhada portuguesa,1969,Portugal,4,Portuguese
Jarkko & Laura,12,Kuin silloin ennen,1969,Finland,6,Finnish
Hearts of Soul,7,Waterman,1970,Netherlands,7,Dutch
Henri Dès,4,Retour,1970,Switzerland,8,French
Gianni Morandi,8,Occhi di ragazza,1970,Italy,5,Italian
Eva Sršen,11,"Pridi, dala ti bom cvet",1970,Yugoslavia,4,Slovene
Jean Vallée,8,Viens l'oublier,1970,Belgium,5,French
Guy Bonnet,4,Marie-Blanche,1970,France,8,French
Mary Hopkin,2,"Knock, Knock Who's There?",1970,United Kingdom,26,English
David Alexandre Winter,12,Je suis tombé du ciel,1970,Luxembourg,0,French
Julio Iglesias,4,Gwendolyne,1970,Spain,8,Spanish
Dominique Dussault,8,Marlène,1970,Monaco,5,French
Katja Ebstein,3,Wunder gibt es immer wieder,1970,Germany,12,German
Dana,1,All Kinds of Everything,1970,Ireland,32,English
Marianne Mendt,16,Musik,1971,Austria,66,Viennese
Joe Grech,18,Marija l-Maltija,1971,Malta,52,Maltese
Séverine,1,"Un banc, un arbre, une rue",1971,Monaco,128,French
"Peter, Sue and Marc",12,Les illusions de nos vingt ans,1971,Switzerland,78,French
Katja Ebstein,3,Diese Welt,1971,Germany,100,German
Karina,2,En un mundo nuevo,1971,Spain,116,Spanish
Serge Lama,10,Un jardin sur la terre,1971,France,82,French
Monique Melsen,13,"Pomme, pomme, pomme",1971,Luxembourg,70,French
Clodagh Rodgers,4,Jack In The Box,1971,United Kingdom,98,English
Lily Castel & Jacques Raymond,14,"Goeiemorgen, morgen",1971,Belgium,68,Dutch
Massimo Ranieri,5,L'amore è un attimo,1971,Italy,91,Italian
Family Four,6,Vita vidder,1971,Sweden,85,Swedish
Angela Farrell,11,One Day Love,1971,Ireland,79,English
Saskia & Serge,6,Tijd,1971,Netherlands,85,Dutch
Tonicha,9,Menina do alto da serra,1971,Portugal,83,Portuguese
Krunoslav Slabinac,14,Tvoj dječak je tužan,1971,Yugoslavia,68,Croatian
Markku Aro & Koivistolaiset,8,Tie uuteen päivään,1971,Finland,84,Finnish
Hanne Krogh,17,Lykken er,1971,Norway,65,Norwegian
Mary Roos,3,Nur die Liebe läßt uns leben,1972,Germany,107,German
Betty Mars,11,Comé-comédie,1972,France,81,French
Sandie Jones,15,Ceol an Ghrá,1972,Ireland,72,Irish
Jaime Morey,10,Amanece,1972,Spain,83,Spanish
The New Seekers,2,"Beg, Steal or Borrow",1972,United Kingdom,114,English
Grethe Kausland & Benny Borg,14,Småting,1972,Norway,73,Norwegian
Carlos Mendes,7,A festa da vida,1972,Portugal,90,Portuguese
Véronique Müller,8,C'est la chanson de mon amour,1972,Switzerland,88,French
Helen and Joseph,18,L-imħabba,1972,Malta,48,Maltese
Päivi Paunu & Kim Floor,12,Muistathan,1972,Finland,78,Finnish
Milestones,5,Falter im Wind,1972,Austria,100,German
Nicola di Bari,6,I giorni dell'arcobaleno,1972,Italy,92,Italian
Tereza Kesovija,9,Muzika i ti,1972,Yugoslavia,87,Serbo-Croatian
Family Four,13,Härliga sommardag,1972,Sweden,75,Swedish
Anne-Marie Godart & Peter MacLane,16,Comme on s'aime,1972,Monaco,65,French
Serge & Christine Ghisoland,17,À la folie ou pas du tout,1972,Belgium,55,French
Vicky Leandros,1,Après toi,1972,Luxembourg,128,French
Sandra & Andres,4,Als het om de liefde gaat,1972,Netherlands,106,Dutch
Marion Rung,6,Tom Tom Tom,1973,Finland,93,English
Nicole & Hugo,17,"Baby, Baby",1973,Belgium,58,Dutch1
Fernando Tordo,10,Tourada,1973,Portugal,80,Portuguese
Gitte,8,Junger Tag,1973,Germany,85,German
Bendik Singers,7,It's Just A Game,1973,Norway,89,"English, French2"
Marie,8,Un train qui part,1973,Monaco,85,French
Mocedades,2,Eres tú,1973,Spain,125,Spanish
Patrick Juvet,12,"Je vais me marier, Marie",1973,Switzerland,79,French
Zdravko Čolić,15,Gori vatra,1973,Yugoslavia,65,Serbo-Croatian
Massimo Ranieri,13,Chi sarà con te,1973,Italy,74,Italian
Anne-Marie David,1,Tu te reconnaîtras,1973,Luxembourg,129,French
Nova & The Dolls,5,You're Summer,1973,Sweden,94,English
Ben Cramer,14,De oude muzikant,1973,Netherlands,69,Dutch
Maxi,10,Do I Dream,1973,Ireland,80,English
Cliff Richard,3,Power to All Our Friends,1973,United Kingdom,123,English
Martine Clémenceau,15,Sans toi,1973,France,65,French
Ilanit,4,Ey Sham (אי שם),1973,Israel,97,Hebrew
Carita,13,Keep Me Warm,1974,Finland,4,English
Olivia Newton-John,4,Long Live Love,1974,United Kingdom,14,English
Peret,9,Canta y sé feliz,1974,Spain,10,Spanish
Anne-Karine Strøm feat. Bendik Singers,14,The First Day of Love,1974,Norway,3,English
Marinella,11,"Krasi, thalassa ke t' agori mou
(Κρασί, θάλασσα και τ' αγόρι μου)",1974,Greece,7,Greek
Kaveret,7,Natati La Khayay (נתתי לה חיי),1974,Israel,11,Hebrew
Korni Grupa,12,Generacija '42 (Генерација '42),1974,Yugoslavia,6,Serbian
ABBA,1,Waterloo,1974,Sweden,24,English
Ireen Sheer,4,Bye Bye I Love You,1974,Luxembourg,14,Frencha
Romuald,4,Celui qui reste et celui qui s'en va,1974,Monaco,14,French
Jacques Hustin,9,Fleur de liberté,1974,Belgium,10,French
Mouth & MacNeal,3,I See a Star,1974,Netherlands,15,English
Tina Reynolds,7,Cross Your Heart,1974,Ireland,11,English
Cindy & Bert,14,Die Sommermelodie,1974,Germany,3,German
Piera Martell,14,Mein Ruf nach dir,1974,Switzerland,3,German
Paulo de Carvalho,14,E depois do adeus,1974,Portugal,3,Portuguese
Gigliola Cinquetti,2,Sì,1974,Italy,18,Italian
Teach-In,1,Ding-a-dong,1975,Netherlands,152,English
The Swarbriggs,9,That's What Friends Are For,1975,Ireland,68,English
Nicole Rieu,4,Et bonjour à toi l'artiste,1975,France,91,French
Joy Fleming,17,Ein Lied kann eine Brücke sein,1975,Germany,15,"German, English"
Geraldine,5,Toi,1975,Luxembourg,84,French
Ellen Nikolaysen,18,Touch My Life (With Summer),1975,Norway,11,English
Simone Drexel,6,Mikado,1975,Switzerland,77,German
Pepel in kri,13,Dan ljubezni,1975,Yugoslavia,22,Slovene
The Shadows,2,Let Me Be The One,1975,United Kingdom,138,English
Renato,12,Singing This Song,1975,Malta,32,English
Ann Christy,15,Gelukkig zijn,1975,Belgium,17,"Dutch, English"
Shlomo Artzi,11,At Va'Ani (את ואני),1975,Israel,40,Hebrew
Semiha Yankı,19,Seninle Bir Dakika,1975,Turkey,3,Turkish
Sophie,13,Une chanson c'est une lettre,1975,Monaco,22,French
Pihasoittajat,7,Old Man Fiddle,1975,Finland,74,English
Duarte Mendes,16,Madrugada,1975,Portugal,16,Portuguese
Sergio & Estíbaliz,10,Tú volverás,1975,Spain,53,Spanish
Lasse Berghagen,8,"Jennie, Jennie",1975,Sweden,72,English
Wess & Dori Ghezzi,3,Era,1975,Italy,115,Italian
Brotherhood of Man,1,Save Your Kisses for Me,1976,United Kingdom,164,English
"Peter, Sue and Marc",4,"Djambo, Djambo",1976,Switzerland,91,English
Les Humphries Singers,15,Sing Sang Song,1976,Germany,12,German
"Chocolate, Menta, Mastik",6,Emor Shalom (אמור שלום),1976,Israel,77,Hebrew
Jürgen Marcus,14,Chansons pour ceux qui s'aiment,1976,Luxembourg,17,French
Pierre Rapsat,8,Judy et Cie,1976,Belgium,68,French
Red Hurley,10,When,1976,Ireland,54,English
Sandra Reemer,9,The Party's Over,1976,Netherlands,56,English
Anne-Karine Strøm,18,Mata Hari,1976,Norway,7,English
Mariza Koch,13,"Panagia mou, Panagia mou
(Παναγιά μου, Παναγιά μου)",1976,Greece,20,Greek
Fredi & Ystävät,11,Pump-Pump,1976,Finland,44,English
Braulio,16,Sobran las palabras,1976,Spain,11,Spanish
Al Bano & Romina Power,7,We'll Live It All Again,1976,Italy,69,"English, Italian"
Waterloo & Robinson,5,My Little World,1976,Austria,80,English
Carlos do Carmo,12,Uma flor de verde pinho,1976,Portugal,24,Portuguese
Mary Christy,3,"Toi, la musique et moi",1976,Monaco,93,French
Catherine Ferry,2,"Un, deux, trois",1976,France,147,French
Ambasadori,17,Ne mogu skriti svoju bol,1976,Yugoslavia,10,Bosnian
The Swarbriggs Plus Two,3,It's Nice to Be in Love Again,1977,Ireland,119,English
Michèle Torr,4,Une petite française,1977,Monaco,96,French
Heddy Lester,12,De mallemolen,1977,Netherlands,35,Dutch
Schmetterlinge,17,Boom Boom Boomerang,1977,Austria,11,Germana
Anita Skorgan,14,Casanova,1977,Norway,18,Norwegian
Silver Convention,8,Telegram,1977,Germany,55,English
Anne-Marie B,16,Frère Jacques,1977,Luxembourg,17,French
Os Amigos,14,Portugal no coração,1977,Portugal,18,Portuguese
Lynsey de Paul & Mike Moran,2,Rock Bottom,1977,United Kingdom,121,English
"Paschalis, Marianna, Robert & Bessy",5,Mathima solfege (Μάθημα σολφέζ),1977,Greece,92,Greek
Ilanit,11,"Ahava Hi Shir Lishnayim
(אהבה היא שיר לשניים)",1977,Israel,49,Hebrew
Pepe Lienhard Band,6,Swiss Lady,1977,Switzerland,71,German
Forbes,18,Beatles,1977,Sweden,2,Swedish
Micky,9,Enséñame a cantar,1977,Spain,52,Spanish
Mia Martini,13,Libera,1977,Italy,33,Italian
Monica Aspelund,10,Lapponia,1977,Finland,50,Finnish
Dream Express,7,"A Million in One, Two, Three",1977,Belgium,69,English
Marie Myriam,1,L'oiseau et l'enfant,1977,France,136,French
Colm C. T. Wilkinson,5,Born to Sing,1978,Ireland,86,English
Jahn Teigen,20,Mil etter mil,1978,Norway,0,Norwegian
Ricchi e Poveri,12,Questo amore,1978,Italy,53,Italian
Seija Simola,18,Anna rakkaudelle tilaisuus,1978,Finland,2,Finnish
Gemini,17,Dai li dou,1978,Portugal,5,Portuguese
Joël Prévost,3,Il y aura toujours des violons,1978,France,119,French
José Vélez,9,Bailemos un vals,1978,Spain,65,Spanisha
Co-Co,11,The Bad Old Days,1978,United Kingdom,61,English
Carole Vinci,9,Vivre,1978,Switzerland,65,French
Jean Vallée,2,L'amour ça fait chanter la vie,1978,Belgium,125,French
Harmony,13,'t Is OK,1978,Netherlands,37,Dutch
Nilüfer & Nazar,18,Sevince,1978,Turkey,2,Turkish
Ireen Sheer,6,Feuer,1978,Germany,84,German
Caline & Olivier Toussaint,4,Les jardins de Monaco,1978,Monaco,107,French
Tania Tsanaklidou,8,Charlie Chaplin (Τσάρλυ Τσάπλιν),1978,Greece,66,Greek
Mabel,16,Boom Boom,1978,Denmark,13,Danish
Baccara,7,Parlez-vous français?,1978,Luxembourg,73,French
Izhar Cohen & the Alphabeta,1,A-Ba-Ni-Bi (א-ב-ני-בי),1978,Israel,157,Hebrew
Springtime,15,Mrs. Caroline Robinson,1978,Austria,14,Germanb
Björn Skifs,14,Det blir alltid värre framåt natten,1978,Sweden,26,Swedish
Manuela Bravo,9,"Sobe, sobe, balão sobe",1979,Portugal,64,Portuguese
Matia Bazar,15,Raggio di luna,1979,Italy,27,Italian
Tommy Seebach,6,Disco Tango,1979,Denmark,76,Danish
Cathal Dunne,5,Happy Man,1979,Ireland,80,English
Katri Helena,14,Katson sineen taivaan,1979,Finland,38,Finnish
Laurent Vaguener,16,Notre vie c'est la musique,1979,Monaco,12,French
Elpida,8,Sokrati (Σωκράτη),1979,Greece,69,Greek
"Peter, Sue, Marc, Pfuri, Gorps and Kniri",10,Trödler und Co,1979,Switzerland,60,German
Dschinghis Khan,4,Dschinghis Khan,1979,Germany,86,German
Gali Atari and Milk and Honey,1,Hallelujah (הללויה),1979,Israel,125,Hebrew
Anne-Marie David,3,Je suis l'enfant soleil,1979,France,106,French
Micha Marah,18,Hey Nana,1979,Belgium,5,Dutch
Jeane Manson,13,J'ai déjà vu ça dans tes yeux,1979,Luxembourg,44,French
Xandra,12,Colorado,1979,Netherlands,51,Dutch
Ted Gärdestad,17,Satellit,1979,Sweden,8,Swedish
Anita Skorgan,11,Oliver,1979,Norway,57,Norwegian
Black Lace,7,Mary Ann,1979,United Kingdom,73,English
Christina Simon,18,Heute in Jerusalem,1979,Austria,5,German
Betty Missiego,2,Su canción,1979,Spain,116,Spanish
Blue Danube,8,Du bist Musik,1980,Austria,64,German
Ajda Pekkan,15,Pet'r Oil,1980,Turkey,23,Turkish
Anna Vissi and the Epikouri,13,Autostop (Ωτοστόπ),1980,Greece,30,Greek
Sophie & Magaly,9,Papa pingouin,1980,Luxembourg,56,French
Samira Bensaïd,18,Bitaqat Hub (بطاقة حب),1980,Morocco,7,Arabic
Alan Sorrenti,6,Non so che darei,1980,Italy,87,Italian
Bamses Venner,14,Tænker altid på dig,1980,Denmark,25,Danish
Tomas Ledin,10,Just nu!,1980,Sweden,47,Swedish
Paola,4,Cinéma,1980,Switzerland,104,French
Vesa-Matti Loiri,19,Huilumies,1980,Finland,6,Finnish
Sverre Kjelsberg & Mattis Hætta,16,Sámiid ædnana,1980,Norway,15,Norwegian
Katja Ebstein,2,Theater,1980,Germany,128,German
Prima Donna,3,Love Enough for Two,1980,United Kingdom,106,English
José Cid,7,"Um grande, grande amor",1980,Portugal,71,Portuguese
Maggie MacNeal,5,Amsterdam,1980,Netherlands,93,Dutch
Profil,11,"Hé, hé, m'sieurs dames",1980,France,45,French
Johnny Logan,1,What's Another Year,1980,Ireland,143,English
Trigo Limpio,12,Quédate esta noche,1980,Spain,38,Spanish
Telex,17,Euro-Vision,1980,Belgium,14,French
Marty Brem,17,Wenn du da bist,1981,Austria,20,German
Modern Folk Üçlüsü & Ayşegül,18,Dönme Dolap,1981,Turkey,9,Turkish
Lena Valaitis,2,Johnny Blue,1981,Germany,132,German
Jean-Claude Pascal,11,C'est peut-être pas l'Amérique,1981,Luxembourg,41,French
Hakol Over Habibi,7,Halayla (הלילה),1981,Israel,56,Hebrew
Tommy Seebach & Debbie Cameron,11,Krøller eller ej,1981,Denmark,41,Danish
"Seid Memić ""Vajta""",15,Lejla,1981,Yugoslavia,35,Bosnian
Riki Sorsa,16,Reggae OK,1981,Finland,27,Finnish
Jean Gabilou,3,Humanahum,1981,France,125,French
Bacchelli,14,Y sólo tú,1981,Spain,38,Spanish
Linda Williams,9,Het is een wonder,1981,Netherlands,51,Dutch
Sheeba,5,Horoscopes,1981,Ireland,105,English
Finn Kalvik,20,Aldri i livet,1981,Norway,0,Norwegian
Bucks Fizz,1,Making Your Mind Up,1981,United Kingdom,136,English
Carlos Paião,18,Playback,1981,Portugal,9,Portuguese
Emly Starr,13,Samson,1981,Belgium,40,Dutch
Yiannis Dimitras,8,Feggari kalokerino (Φεγγάρι καλοκαιρινό),1981,Greece,55,Greek
Island,6,Monika (Μόνικα),1981,Cyprus,69,Greek
"Peter, Sue and Marc",4,Io senza te,1981,Switzerland,121,Italian
Björn Skifs,10,Fångad i en dröm,1981,Sweden,50,Swedish
Doce,13,Bem bom,1982,Portugal,32,Portuguese
Svetlana,6,Cours après le temps,1982,Luxembourg,78,French
Jahn Teigen & Anita Skorgan,12,Adieu,1982,Norway,40,Norwegian
Bardo,7,One Step Further,1982,United Kingdom,76,English
Neco,15,Hani?,1982,Turkey,20,Turkish
Kojo,18,Nuku pommiin,1982,Finland,0,Finnish
Arlette Zola,3,Amour on t'aime,1982,Switzerland,97,French
Anna Vissi,5,Mono i agapi (Μόνο η αγάπη),1982,Cyprus,85,Greek
Chips,8,Dag efter dag,1982,Sweden,67,Swedish
Mess,9,Sonntag,1982,Austria,57,German
Stella,4,Si tu aimes ma musique,1982,Belgium,96,French
Lucía,10,Él,1982,Spain,52,Spanish
Brixx,17,"Video, Video",1982,Denmark,5,Danish
Aska,14,"Halo, halo (Хало, хало)",1982,Yugoslavia,21,Serbian
Avi Toledano,2,Hora (הורה),1982,Israel,100,Hebrew
Bill van Dijk,16,Jij en ik,1982,Netherlands,8,Dutch
The Duskeys,11,Here Today Gone Tomorrow,1982,Ireland,49,English
Nicole,1,Ein Bißchen Frieden,1982,Germany,161,German
Guy Bonnet,8,Vivre,1983,France,56,French
Jahn Teigen,9,Do Re Mi,1983,Norway,53,Norwegian
Sweet Dreams,6,I'm Never Giving Up,1983,United Kingdom,79,English
Carola Häggkvist,3,Främling,1983,Sweden,126,Swedish
Riccardo Fogli,11,Per Lucia,1983,Italy,41,Italian
Çetin Alp & the Short Waves,19,Opera,1983,Turkey,0,Turkish
Remedios Amaya,19,¿Quién maneja mi barca?,1983,Spain,0,Spanish
Mariella Farré,15,Io così non ci sto,1983,Switzerland,28,Italian
Ami Aspelund,11,Fantasiaa,1983,Finland,41,Finnish
Christie Stasinopoulou,14,Mou les (Μου λες),1983,Greece,32,Greek
Bernadette,7,Sing Me a Song,1983,Netherlands,66,Dutch
Daniel,4,Džuli,1983,Yugoslavia,125,Serbo-Croatian
Stavros & Constantina,16,I agapi akoma zi (Η αγάπη ακόμα ζει),1983,Cyprus,26,Greek
Hoffmann & Hoffmann,5,Rücksicht,1983,Germany,94,German
Gry Johansen,17,Kloden drejer,1983,Denmark,16,Danish
Ofra Haza,2,Hi (חי),1983,Israel,136,Hebrew
Armando Gama,13,Esta balada que te dou,1983,Portugal,33,Portuguese
Westend,9,Hurricane,1983,Austria,53,German
Pas de Deux,18,Rendez-vous,1983,Belgium,13,Dutch
Corinne Hermès,1,Si la vie est cadeau,1983,Luxembourg,142,French
Herreys,1,Diggi-Loo Diggi-Ley,1984,Sweden,145,Swedish
Sophie Carle,10,100% d'amour,1984,Luxembourg,39,French
Annick Thoumazeau,8,Autant d'amoureux que d'étoiles,1984,France,61,French
Bravo,3,"Lady, Lady",1984,Spain,106,Spanish1
Dollie de Luxe,17,Lenge leve livet,1984,Norway,29,Norwegian
Belle and the Devotions,7,Love Games,1984,United Kingdom,63,English
Andy Paul,15,Anna Maria Lena (Άννα Μαρία Λένα),1984,Cyprus,31,Greek
Jacques Zegers,5,Avanti la vie,1984,Belgium,70,French2
Linda Martin,2,Terminal 3,1984,Ireland,137,English
Hot Eyes,4,Det' lige det,1984,Denmark,101,Danish
Maribelle,13,Ik hou van jou,1984,Netherlands,34,Dutch
Vlado & Isolda,18,"Ciao, amore",1984,Yugoslavia,26,Serbo-Croatian2
Anita,19,Einfach weg,1984,Austria,5,German
Mary Roos,13,Aufrecht geh'n,1984,Germany,34,German
"Beş Yıl Önce, On Yıl Sonra",12,Halay,1984,Turkey,37,Turkish
Kirka,9,Hengaillaan,1984,Finland,46,Finnish
Rainy Day,16,Welche Farbe hat der Sonnenschein?,1984,Switzerland,30,German
Alice & Franco Battiato,5,I treni di Tozeur,1984,Italy,70,Italian3
Maria Guinot,11,Silêncio e tanta gente,1984,Portugal,38,Portuguese
Maria Christian,6,Wait Until the Weekend Comes,1985,Ireland,91,English
Sonja Lumme,9,Eläköön elämä,1985,Finland,58,Finnish
Lia Vissi,16,To katalava arga (Το κατάλαβα αργά),1985,Cyprus,15,Greek
Hot Eyes,11,Sku' du spørg' fra no'en?,1985,Denmark,41,Danish
Paloma San Basilio,14,La fiesta terminó,1985,Spain,36,Spanish
Roger Bens,10,Femme dans ses rêves aussi,1985,France,56,French
MFÖ,14,Didai didai dai,1985,Turkey,36,Turkish
Linda Lepomme,19,Laat me nu gaan,1985,Belgium,7,Dutch
Adelaide,18,"Penso em ti, eu sei",1985,Portugal,9,Portuguese
Wind,2,Für alle,1985,Germany,105,German
Izhar Cohen,5,"Olé, Olé (עולה, עולה)",1985,Israel,93,Hebrew
Al Bano & Romina Power,7,Magic Oh Magic,1985,Italy,78,Italian
Bobbysocks!,1,La det swinge,1985,Norway,123,Norwegian
Vikki,4,Love Is…,1985,United Kingdom,100,English
Mariella Farré & Pino Gasparini,12,"Piano, piano",1985,Switzerland,39,German
Kikki Danielsson,3,Bra vibrationer,1985,Sweden,103,Swedish
Gary Lux,8,Kinder dieser Welt,1985,Austria,60,German
"Margo, Franck Olivier, Diane Solomon, Ireen Sheer, Chris & Malcolm Roberts",13,"Children, Kinder, Enfants",1985,Luxembourg,37,French
Takis Biniaris,16,Miazoume (Μοιάζουμε),1985,Greece,15,Greek
Sherisse Laurence,3,L'amour de ma vie,1986,Luxembourg,117,French
Doris Dragović,11,Željo moja,1986,Yugoslavia,49,Croatian
Cocktail Chic,17,Européennes,1986,France,13,French
Ketil Stokkan,12,Romeo,1986,Norway,44,Norwegian
Ryder,7,Runner in the Night,1986,United Kingdom,72,English
ICY,16,Gleðibankinn,1986,Iceland,19,Icelandic
Frizzle Sizzle,13,Alles heeft ritme,1986,Netherlands,40,Dutch
Klips ve Onlar,9,Halley,1986,Turkey,53,Turkish
Cadillac,10,Valentino,1986,Spain,51,Spanish
Daniela Simmons,2,Pas pour moi,1986,Switzerland,140,French
Moti Giladi & Sarai Tzuriel,19,Yavo Yom (יבוא יום),1986,Israel,7,Hebrew
Luv Bug,4,You Can Count On Me,1986,Ireland,96,English
Sandra Kim,1,J'aime la vie,1986,Belgium,176,French
Ingrid Peters,8,Über die Brücke geh'n,1986,Germany,62,German
Elpida,20,Tora zo (Τώρα ζω),1986,Cyprus,4,Greek
Timna Brauer,18,Die Zeit ist einsam,1986,Austria,12,German
Lasse Holm & Monica Törnell,5,E' de' det här du kallar kärlek?,1986,Sweden,78,Swedish
Lise Haavik,6,Du er fuld af løgn,1986,Denmark,77,Danish
Kari Kuivalainen,15,Never the End,1986,Finland,22,Finnish
Dora,14,Não sejas mau para mim,1986,Portugal,28,Portuguese
Kate Gulbrandsen,9,Mitt liv,1987,Norway,65,Norwegian
Lazy Bums,8,Shir Habatlanim (שיר הבטלנים),1987,Israel,73,Hebrew
Gary Lux,20,Nur noch Gefühl,1987,Austria,8,German
Halla Margrét,16,Hægt og hljótt,1987,Iceland,28,Icelandic
Liliane Saint-Pierre,11,Soldiers of Love,1987,Belgium,56,Dutch1
Lotta Engberg,12,Boogaloo,1987,Sweden,50,Swedish
Umberto Tozzi & Raf,3,Gente di mare,1987,Italy,103,Italian
Nevada,18,Neste barco à vela,1987,Portugal,15,Portuguese
Patricia Kraus,19,No estás solo,1987,Spain,10,Spanish
Seyyal Taner & Lokomotif,22,Şarkım Sevgi Üstüne,1987,Turkey,0,Turkish
Bang,10,Stop (Στοπ),1987,Greece,64,Greek
Marcha,5,Rechtop in de wind,1987,Netherlands,83,Dutch
Plastic Bertrand,21,"Amour, amour",1987,Luxembourg,4,French
Rikki,13,Only the Light,1987,United Kingdom,47,English
Christine Minier,14,Les mots d'amour n'ont pas de dimanche,1987,France,44,French
Wind,2,Lass die Sonne in dein Herz,1987,Germany,141,German
Alexia,7,Aspro-mavro (Άσπρο-μαύρο),1987,Cyprus,80,Greek
Vicky Rosti & Boulevard,15,Sata salamaa,1987,Finland,32,Finnish
Anne-Cathrine Herdorf & Bandjo,5,En lille melodi,1987,Denmark,83,Danish
Johnny Logan,1,Hold Me Now,1987,Ireland,172,English
Novi fosili,4,Ja sam za ples,1987,Yugoslavia,92,Croatian
Carol Rich,17,"Moitié, moitié",1987,Switzerland,26,French
Anna Oxa & Fausto Leali,9,Avrei voluto,1989,Italy,56,Italian
Gili Netanel & Galit Burg-Michael,12,Derekh Hamelekh (דרך המלך),1989,Israel,50,Hebrew
Kiev Connolly & The Missing Passengers,18,The Real Me,1989,Ireland,21,English
Justine Pelmelay,15,Blijf zoals je bent,1989,Netherlands,45,Dutch
Pan,21,Bana Bana,1989,Turkey,5,Turkish
Ingeborg,19,Door de wind,1989,Belgium,13,Dutch
Live Report,2,Why Do I Always Get it Wrong?,1989,United Kingdom,130,English
Britt Synnøve Johansen,17,Venners nærhet,1989,Norway,30,Norwegian
Da Vinci,16,Conquistador,1989,Portugal,39,Portuguese
Tommy Nilsson,4,En dag,1989,Sweden,110,Swedish
Park Café,20,Monsieur,1989,Luxembourg,8,French
Birthe Kjær,3,Vi maler byen rød,1989,Denmark,111,Danish
Thomas Forstner,5,Nur ein Lied,1989,Austria,97,German
Anneli Saaristo,7,La dolce vita,1989,Finland,76,Finnish
Nathalie Pâque,8,J'ai volé la vie,1989,France,60,French
Nina,6,Nacida para amar,1989,Spain,88,Spanish
Fani Polymeri & Yiannis Savvidakis,11,Apopse as vrethume (Απόψε ας βρεθούμε),1989,Cyprus,51,Greek
Furbaz,13,Viver senza tei,1989,Switzerland,47,Romansh
Marianna Efstratiou,9,To diko sou asteri (Το δικό σου αστέρι),1989,Greece,56,Greek
Daníel Ágúst Haraldsson,22,Það sem enginn sér,1989,Iceland,0,Icelandic
Nino de Angelo,14,Flieger,1989,Germany,46,German
Riva,1,Rock Me,1989,Yugoslavia,137,Serbo-Croatian
Azúcar Moreno,5,Bandido,1990,Spain,96,Spanish
Christos Callow & Wave,19,Horis skopo (Χωρίς σκοπό),1990,Greece,11,Greek
Philippe Lafontaine,12,Macédomienne,1990,Belgium,46,French
Kayahan,17,Gözlerinin Hapsindeyim,1990,Turkey,21,Turkish
Maywood,15,Ik wil alles met je delen,1990,Netherlands,25,Dutch
Céline Carzo,13,Quand je te rêve,1990,Luxembourg,38,French
Emma,6,Give a Little Love Back to the World,1990,United Kingdom,87,English
Stjórnin,4,Eitt lag enn,1990,Iceland,124,Icelandic
Ketil Stokkan,21,Brandenburger Tor,1990,Norway,8,Norwegian
Rita,18,Shara Barkhovot (שרה ברחובות),1990,Israel,16,Hebrew
Lonnie Devantier,8,Hallo Hallo,1990,Denmark,64,Danish
Egon Egemann,11,Musik klingt in die Welt hinaus,1990,Switzerland,51,German
Chris Kempers & Daniel Kovac,9,Frei zu leben,1990,Germany,60,German
Joëlle Ursull,2,White and Black Blues,1990,France,132,French
Tajči,7,Hajde da ludujemo,1990,Yugoslavia,81,Croatian
Nucha,20,Há sempre alguém,1990,Portugal,9,Portuguese
Liam Reilly,2,Somewhere in Europe,1990,Ireland,132,English
Edin-Ådahl,16,Som en vind,1990,Sweden,24,Swedish
Toto Cutugno,1,Insieme: 1992,1990,Italy,149,Italian
Simone,10,Keine Mauern mehr,1990,Austria,58,German1
Haris Anastasiou,14,Milas poli (Μιλάς πολύ),1990,Cyprus,36,Greek
Beat,21,Fri?,1990,Finland,8,Swedish
Baby Doll,21,Brazil (Бразил),1991,Yugoslavia,1,Serbian
Stefán & Eyfi,15,Draumur um Nínu,1991,Iceland,26,Icelandic
Georgina & Paul Giordimaina,6,Could It Be,1991,Malta,106,English
Sophia Vossou,13,I anixi (Η άνοιξη),1991,Greece,36,Greek
Sandra Simó,5,Canzone per te,1991,Switzerland,118,Italian
Thomas Forstner,22,Venedig im Regen,1991,Austria,0,German
Sarah Bray,14,Un baiser volé,1991,Luxembourg,29,French
Carola,1,Fångad av en stormvind,1991,Sweden,146,Swedish
Amina,2,C'est le dernier qui a parlé qui a raison,1991,France,146,French
"İzel Çeliköz, Reyhan Karaca & Can Uğurluer",12,İki Dakika,1991,Turkey,44,Turkish
Kim Jackson,10,Could It Be That I'm In Love,1991,Ireland,47,English
Dulce Pontes,8,Lusitana paixão,1991,Portugal,62,Portuguese
Anders Frandsen,19,Lige der hvor hjertet slår,1991,Denmark,8,Danish
Just 4 Fun,17,Mrs. Thompson,1991,Norway,14,Norwegian
Duo Datz,3,Kan (כאן),1991,Israel,139,Hebrew
Kaija Kärkinen,20,Hullu yö,1991,Finland,6,Finnish
Atlantis 2000,18,Dieser Traum darf niemals sterben,1991,Germany,10,German
Clouseau,16,Geef het op,1991,Belgium,23,Dutch
Sergio Dalma,4,Bailar pegados,1991,Spain,119,Spanish
Samantha Janus,10,A Message to Your Heart,1991,United Kingdom,47,English
Elena Patroklou,9,SOS,1991,Cyprus,60,Greek
Peppino di Capri,7,Comme è ddoce 'o mare,1991,Italy,89,Neapolitan
Serafín,14,Todo esto es la música,1992,Spain,37,Spanish
Morgane,20,"Nous, on veut des violons",1992,Belgium,11,French
Dafna Dekel,6,Ze Rak Sport (זה רק ספורט),1992,Israel,85,Hebrew
Aylin Vatankoş,19,Yaz Bitti,1992,Turkey,17,Turkish
Cleopatra,5,Olou tou kosmou i Elpida (Όλου του κόσμου η Ελπίδα),1992,Greece,94,Greek
Kali,8,Monté la riviè,1992,France,73,"French, Antillean Creole"
Christer Björkman,22,I morgon är en annan dag,1992,Sweden,9,Swedish
Dina,17,Amor d'água fresca,1992,Portugal,26,Portuguese
Evridiki,11,Teriazoume (Ταιριάζουμε),1992,Cyprus,57,Greek
Mary Spiteri,3,Little Child,1992,Malta,123,English
Heart 2 Heart,7,Nei eða já,1992,Iceland,80,Icelandic
Pave Maijanen,23,"Yamma, yamma",1992,Finland,4,Finnish
Daisy Auvray,15,Mister Music Man,1992,Switzerland,32,French
Marion Welter & Kontinent,21,Sou fräi,1992,Luxembourg,10,Luxembourgish
Tony Wegas,10,Zusammen geh'n,1992,Austria,63,German
Michael Ball,2,One Step Out of Time,1992,United Kingdom,139,English
Linda Martin,1,Why Me?,1992,Ireland,155,English
Kenny Lübcke & Lotte Nilsson,12,Alt det som ingen ser,1992,Denmark,47,Danish
Mia Martini,4,Rapsodia,1992,Italy,111,Italian
Extra Nena,13,Ljubim te pesmama (Љубим те песмама),1992,Yugoslavia,44,Serbian
Merethe Trøan,18,Visjoner,1992,Norway,23,Norwegian
Wind,16,Träume sind für alle da,1992,Germany,27,German
Humphrey Campbell,9,Wijs me de weg,1992,Netherlands,67,Dutch
Enrico Ruggeri,12,Sole d'Europa,1993,Italy,45,Italian
Burak Aydos,21,Esmer Yarim,1993,Turkey,10,Turkish
Münchener Freiheit,18,Viel zu weit,1993,Germany,18,German
Annie Cotton,3,"Moi, tout simplement",1993,Switzerland,148,French
Tommy Seebach Band,22,Under stjernerne på himlen,1993,Denmark,9,Danish
Katerina Garbi,9,"Ellada, hora tou fotos (Ελλάδα, χώρα του φωτός)",1993,Greece,64,Greek
Barbara Dex,25,Iemand als jij,1993,Belgium,3,Dutch
William Mangion,8,This Time,1993,Malta,69,English
Inga,13,Þá veistu svarið,1993,Iceland,42,Icelandic
Tony Wegas,14,Maria Magdalena,1993,Austria,32,German
Anabela,10,A cidade (até ser dia),1993,Portugal,60,Portuguese
Patrick Fiori,4,Mama Corsica,1993,France,121,"French, Corsican"
Arvingarna,7,Eloise,1993,Sweden,89,Swedish
Niamh Kavanagh,1,In Your Eyes,1993,Ireland,187,English
Modern Times,20,Donne-moi une chance,1993,Luxembourg,11,"French, Luxembourgish"
1X Band,22,Tih deževen dan,1993,Slovenia,9,Slovene
Katri Helena,17,Tule luo,1993,Finland,20,Finnish
Fazla,16,Sva bol svijeta,1993,Bosnia and Herzegovina,27,Bosnian
Sonia,2,Better the Devil You Know,1993,United Kingdom,164,English
Ruth Jacott,6,Vrede,1993,Netherlands,92,Dutch
Put,15,Don't Ever Cry,1993,Croatia,31,"Croatian, English"
Eva Santamaría,11,Hombres,1993,Spain,58,Spanish
Zimboulakis & Van Beke,19,Mi stamatas (Μη σταματάς),1993,Cyprus,17,Greek
Lahakat Shiru,24,Shiru (שירו),1993,Israel,4,"Hebrew, English"
Silje Vige,5,Alle mine tankar,1993,Norway,120,Norwegian
Marie Bergman & Roger Pontare,13,Stjärnorna,1994,Sweden,48,Swedish
CatCat,22,Bye Bye Baby,1994,Finland,11,"Finnish, English"
Paul Harrington & Charlie McGettigan,1,Rock 'n' Roll Kids,1994,Ireland,226,English
Evridiki,11,Ime anthropos ki ego (Είμαι άνθρωπος κι εγώ),1994,Cyprus,51,Greek
Sigga,12,Nætur,1994,Iceland,49,Icelandic
Frances Ruffelle,10,We Will Be Free (Lonely Symphony),1994,United Kingdom,63,English
Tony Cetinski,16,Nek' ti bude ljubav sva,1994,Croatia,27,Croatian
Sara Tavares,8,Chamar a música,1994,Portugal,73,Portuguese
Duilio,19,Sto pregando,1994,Switzerland,15,Italian
Silvi Vrait,24,Nagu merelaine,1994,Estonia,2,Estonian
Dan Bittman,21,Dincolo de nori,1994,Romania,14,Romanian
Chris and Moira,5,More than Love,1994,Malta,97,English
Willeke Alberti,23,Waar is de zon,1994,Netherlands,4,Dutch
MeKaDo,3,Wir geben 'ne Party,1994,Germany,128,German1
Tublatanka,19,Nekonečná pieseň,1994,Slovakia,15,Slovak
Ovidijus Vyšniauskas,25,Lopšinė mylimai,1994,Lithuania,0,Lithuanian
Elisabeth Andreassen & Jan Werner Danielsen,6,Duett,1994,Norway,76,Norwegian
Alma & Dejan,15,Ostani kraj mene,1994,Bosnia and Herzegovina,39,Bosnian
Kostas Bigalis & The Sea Lovers,14,To trehandiri (Το τρεχαντήρι),1994,Greece,44,Greek
Petra Frey,17,Für den Frieden der Welt,1994,Austria,19,German
Alejandro Abad,18,Ella no es ella,1994,Spain,17,Spanish
Friderika Bayer,4,Kinek mondjam el vétkeimet?,1994,Hungary,122,Hungarian
Youddiph,9,Vechny strannik (Вечный странник),1994,Russia,70,Russian
Edyta Górniak,2,To nie ja!,1994,Poland,166,Polish
Nina Morato,7,Je suis un vrai garçon,1994,France,74,French
Justyna,18,Sama,1995,Poland,15,Polish
Eddie Friel,14,Dreamin',1995,Ireland,44,English
Stone & Stone,23,Verliebt in Dich,1995,Germany,1,German
Davorin Popović,19,Dvadeset prvi vijek,1995,Bosnia and Herzegovina,14,Bosnian
Secret Garden[a],1,Nocturne,1995,Norway,148,Norwegian
Philipp Kirkorov,17,Kolybelnaya dlya vulkana (Колыбельная для вулкана),1995,Russia,17,Russian
Bo Halldórsson,15,Núna,1995,Iceland,31,Icelandic
Stella Jones,13,Die Welt dreht sich verkehrt,1995,Austria,67,German
Anabel Conde,2,Vuelve conmigo,1995,Spain,119,Spanish
Arzu Ece,16,Sev,1995,Turkey,21,Turkish
Magazin & Lidija,6,Nostalgija,1995,Croatia,91,Croatian
Nathalie Santamaria,4,Il me donne rendez-vous,1995,France,94,French
Csaba Szigeti,22,Új név a régi ház falán,1995,Hungary,3,Hungarian
Frédéric Etherlinck,20,La voix est libre,1995,Belgium,8,French
Love City Groove,10,Love City Groove,1995,United Kingdom,76,English
Tó Cruz,21,Baunilha e chocolate,1995,Portugal,5,Portuguese
Alexandros Panayi,9,Sti fotia (Στη φωτιά),1995,Cyprus,79,Greek
Jan Johansen,3,Se på mig,1995,Sweden,100,Swedish
Aud Wilken,5,Fra Mols til Skagen,1995,Denmark,92,Danish
Darja Švajger,7,Prisluhni mi,1995,Slovenia,84,Slovene
Liora,8,Amen (אמן),1995,Israel,81,Hebrew
Mike Spiteri,10,Keep Me In Mind,1995,Malta,76,English
Elina Konstantopoulou,12,Pia prosefhi (Ποια προσευχή),1995,Greece,68,Greek
George Nussbaumer,6,Weil's dr guat got,1996,Austria,80,Vorarlbergish
Lisa del Bo,12,Liefde is een kaartspel,1996,Belgium,45,Dutch
Amila Glamočak,21,Za našu ljubav,1996,Bosnia and Herzegovina,29,Bosnian
Maja Blagdan,19,Sveta ljubav,1996,Croatia,30,Croatian
Constantinos,15,Mono gia mas (Μόνο για μας),1996,Cyprus,42,Greek
Dorthe Andersen & Martin Loft,25,Kun med dig,1996,Denmark,22,Danish
Maarja-Liis Ilus & Ivo Linna,5,Kaelakee hääl,1996,Estonia,106,Estonian
Jasmine,22,Niin kaunis on taivas,1996,Finland,26,Finnish
Dan Ar Braz & l'Héritage des Celtes,11,Diwanit Bugale,1996,France,55,Breton
Kaliopi,26,Samo ti (Само ти),1996,Macedonia,14,Macedonian
Leon,24,Planet of Blue,1996,Germany,24,German
Marianna Efstratiou,12,"Emis forame to himona anixiatika
(Εμείς φοράμε το χειμώνα ανοιξιάτικα)",1996,Greece,45,Greek
Gjon Delhusa,23,Fortuna,1996,Hungary,26,Hungarian
Anna Mjöll,10,Sjúbídú,1996,Iceland,59,Icelandic
Eimear Quinn,2,The Voice,1996,Ireland,198,English
Galit Bell,28,Shalom Olam (שלום עולם),1996,Israel,12,Hebrew
Miriam Christine,4,In a Woman's Heart,1996,Malta,138,English
Maxine & Franklin Brown,9,De eerste keer,1996,Netherlands,63,Dutch
Kasia Kowalska,15,Chcę znać swój grzech...,1996,Poland,42,Polish
Lúcia Moniz,18,O meu coração não tem cor,1996,Portugal,32,Portuguese
Monica Anghel & Sincron,29,Rugă pentru pacea lumii,1996,Romania,11,Romanian
Andrey Kosinskiy,26,Ya eto ya (Я это я),1996,Russia,14,Russian
Marcel Palonder,17,Kým nás máš,1996,Slovakia,38,Slovak
Regina,19,Dan najlepših sanj,1996,Slovenia,30,Slovene
Antonio Carbonell,14,"¡Ay, qué deseo!",1996,Spain,43,Spanish
One More Time,1,Den vilda,1996,Sweden,227,Swedish
Kathy Leander,8,Mon cœur l'aime,1996,Switzerland,67,French
Şebnem Paker,7,Beşinci Mevsim,1996,Turkey,69,Turkish
Gina G,3,Ooh Aah... Just a Little Bit,1996,United Kingdom,153,English
Hara & Andreas Konstantinou,5,Mana mou (Μάνα μου),1997,Cyprus,98,Greek
Şebnem Paker & Grup Ethnic,3,Dinle,1997,Turkey,121,Turkish
Tor Endresen,24,San Francisco,1997,Norway,0,Norwegian1
Bettina Soriat,21,One Step,1997,Austria,12,German1
Marc Roberts,2,Mysterious Woman,1997,Ireland,157,English
Tanja Ribič,10,Zbudi se,1997,Slovenia,60,Slovene
Barbara Berta,22,Dentro di me,1997,Switzerland,5,Italian
Mrs. Einstein,22,Niemand heeft nog tijd,1997,Netherlands,5,Dutch
Jalisse,4,Fiumi di parole,1997,Italy,114,Italian
Marcos Llunas,6,Sin rencor,1997,Spain,96,Spanish
Bianca Shomburg,18,Zeit,1997,Germany,22,German
Anna Maria Jopek,11,Ale jestem,1997,Poland,54,Polish
Maarja-Liis Ilus,8,Keelatud maa,1997,Estonia,82,Estonian
Alma Čardžić,18,Goodbye,1997,Bosnia and Herzegovina,22,Bosnian
Célia Lawson,24,Antes do adeus,1997,Portugal,0,Portuguese
Blond,14,Bara hon älskar mig,1997,Sweden,36,Swedish
Marianna Zorba,12,Horepse (Χόρεψε),1997,Greece,39,Greek
Debbie Scerri,9,Let Me Fly,1997,Malta,66,English
V.I.P.,12,"Miért kell, hogy elmenj?",1997,Hungary,39,Hungarian
Alla Pugacheva,15,Primadonna (Примадонна),1997,Russia,33,Russian
Kølig Kaj,16,Stemmen i mit liv,1997,Denmark,25,Danish
Fanny,7,Sentiments songes,1997,France,95,French
E.N.I.,17,Probudi me,1997,Croatia,24,Croatian
Katrina and the Waves,1,Love Shine a Light,1997,United Kingdom,227,English
Paul Oscar,20,Minn hinsti dans,1997,Iceland,18,Icelandic
Danijela,5,Neka mi ne svane,1998,Croatia,131,Croatian
Thalassa,20,Mia Krifi Evesthisia (Μια κρυφή ευαισθησία),1998,Greece,12,Greek
Marie Line,24,Où aller,1998,France,3,French
Mikel Herzog,16,¿Qué voy a hacer sin ti?,1998,Spain,21,Spanish
Gunvor,25,Lass ihn,1998,Switzerland,0,German
Katarína Hasprová,21,Modlitba,1998,Slovakia,8,Slovak
Sixteen,17,To takie proste,1998,Poland,19,Polish
Dana International,1,Diva (דיווה),1998,Israel,172[N 1],Hebrew
Guildo Horn,7,Guildo hat euch lieb!,1998,Germany,86,German
Chiara,3,The One That I Love,1998,Malta,165,English
Charlie,23,A holnap már nem lesz szomorú,1998,Hungary,4,Hungarian
Vili Resnik,18,Naj bogovi slišijo,1998,Slovenia,17,Slovene
Dawn Martin,9,Is Always Over Now?,1998,Ireland,64,English
Alma Lusa,12,Se eu te pudesse abraçar,1998,Portugal,36,Portuguese
Mălina Olinescu,22,Eu cred,1998,Romania,6,Romanian
Imaani,2,Where Are You?,1998,United Kingdom,166,English
Michael Hajiyanni,11,Genesis (Γένεσις),1998,Cyprus,37,Greek
Edsilia,4,Hemel en aarde,1998,Netherlands,151,Dutch
Jill Johnson,10,Kärleken är,1998,Sweden,53,Swedish
Mélanie Cohl,6,Dis oui,1998,Belgium,122,French
Edea,15,Aava,1998,Finland,22,Finnish
Lars Fredriksen,8,Alltid sommer,1998,Norway,79,Norwegian
Koit Toome,12,Mere lapsed,1998,Estonia,36,Estonian
Tüzmen,14,Unutamazsın,1998,Turkey,25,Turkish
Vlado Janevski,19,"Ne zori, zoro (Не зори, зоро)",1998,Macedonia,16,Macedonian
Aistė,20,Strazdas,1999,Lithuania,13,Samogitian
Vanessa Chinitor,12,Like the Wind,1999,Belgium,38,English
Lydia,23,No quiero escuchar,1999,Spain,1,Spanish
Doris Dragović,4,Marija Magdalena,1999,Croatia,118,Croatian
Precious,12,Say It Again,1999,United Kingdom,38,English
Darja Švajger,11,For a Thousand Years,1999,Slovenia,50,English
Tuğba Önal & Grup Mistik,16,Dön Artık,1999,Turkey,21,Turkish
Stig Van Eijk,14,Living My Life Without You,1999,Norway,35,English
Trine Jepsen & Michael Teschl,8,This Time I Mean It,1999,Denmark,71,English
Nayah,19,Je veux donner ma voix,1999,France,14,French
Marlayne,8,One Good Reason,1999,Netherlands,71,English
Mietek Szcześniak,18,Przytul mnie mocno,1999,Poland,17,Polish
Selma,2,All Out of Luck,1999,Iceland,146,English
Marlain,22,Tha'nai Erotas (Θα'ναι έρωτας),1999,Cyprus,2,Greek
Charlotte Nilsson,1,Take Me to Your Heaven,1999,Sweden,163,English
Rui Bandeira,21,Como tudo começou,1999,Portugal,12,Portuguese
The Mullans,17,When You Need Me,1999,Ireland,18,English
Bobbie Singer,10,Reflection,1999,Austria,65,English
Eden,5,Yom Huledet (Happy Birthday) (יום הולדת),1999,Israel,93,"English, Hebrew"
Times Three,15,Believe 'n Peace,1999,Malta,32,English
Sürpriz,3,Reise nach Jerusalem – Kudüs'e seyahat,1999,Germany,140,"German, Turkish,
English, Hebrew"
Dino & Béatrice,7,Putnici,1999,Bosnia and Herzegovina,86,"Bosnian, French"
Evelin Samuel & Camille,6,Diamond of Night,1999,Estonia,90,English
PingPong,22,Sameach (שמח),2000,Israel,7,Hebrew1
Linda Wagenmakers,13,No Goodbyes,2000,Netherlands,40,English
Nicki French,16,Don't Play That Song Again,2000,United Kingdom,28,English
Ines,4,Once in a Lifetime,2000,Estonia,98,English
Sofia Mestari,23,On aura le ciel,2000,France,5,French
Taxi,17,The Moon,2000,Romania,25,English
Claudette Pace,8,Desire,2000,Malta,73,"English, Maltese"
Charmed,11,My Heart Goes Boom,2000,Norway,57,English
Alsou,2,Solo,2000,Russia,155,English
Nathalie Sorce,24,Envie de vivre,2000,Belgium,2,French
Voice,21,Nomiza (Νόμιζα),2000,Cyprus,8,"Greek, Italian"
August & Telma,12,Tell Me!,2000,Iceland,45,English
Serafín Zubiri,18,Colgado de un sueño,2000,Spain,18,Spanish
Olsen Brothers,1,Fly on the Wings of Love,2000,Denmark,195,English
Stefan Raab,5,Wadde hadde dudde da?,2000,Germany,96,"German, English"
Jane Bogaert,20,La vita cos'è?,2000,Switzerland,14,Italian
Goran Karan,9,Kad zaspu anđeli,2000,Croatia,70,Croatian
Roger Pontare,7,When Spirits Are Calling My Name,2000,Sweden,88,English
XXL,15,100% te ljubam (100% те љубам),2000,Macedonia,29,"Macedonian, English"
Nina Åström,18,A Little Bit,2000,Finland,18,English
Brainstorm,3,My Star,2000,Latvia,136,English
Pınar Ayhan & The SOS,10,Yorgunum Anla,2000,Turkey,59,"Turkish, English"
Eamonn Toal,6,Millennium of Love,2000,Ireland,92,English
The Rounder Girls,14,All to You,2000,Austria,34,English
Michelle,18,Out On My Own,2001,Netherlands,16,English
Two Tricky,22,Angel,2001,Iceland,3,English
Nino Pršeš,14,Hano,2001,Bosnia and Herzegovina,29,"Bosnian, English"
Haldor Lægreid,22,On My Own,2001,Norway,3,English
Tal Sondak,16,En Davar (אין דבר),2001,Israel,25,Hebrew
Mumiy Troll,12,Lady Alpine Blue,2001,Russia,37,English
Friends,5,Listen to Your Heartbeat,2001,Sweden,100,English
SKAMP,13,You Got Style,2001,Lithuania,35,"English, Lithuanian"
Arnis Mednis,18,Too Much,2001,Latvia,16,English
Vanna,10,Strings of My Heart,2001,Croatia,42,English
MTM,17,Só sei ser feliz assim,2001,Portugal,18,Portuguese
Gary O'Shaughnessy,21,Without Your Love,2001,Ireland,6,English
David Civera,6,Dile que la quiero,2001,Spain,76,Spanish
Natasha St-Pier,4,Je n'ai que mon âme,2001,France,142,"French, English"
Sedat Yüce,11,Sevgiliye Son,2001,Turkey,41,"Turkish, English"
Lindsay Dracass,15,No Dream Impossible,2001,United Kingdom,28,English
Nuša Derenda,7,Energy,2001,Slovenia,70,English
Piasek,20,2 Long,2001,Poland,11,English
Michelle,8,Wer Liebe lebt,2001,Germany,66,"German, English"
"Tanel Padar, Dave Benton & 2XL",1,Everybody,2001,Estonia,198,English
Fabrizio Faniello,9,Another Summer Night,2001,Malta,48,English
Antique,3,Die for You,2001,Greece,147,"Greek, English"
Rollo & King,2,Never Ever Let You Go,2001,Denmark,177,English
One,6,Gimme,2002,Cyprus,85,English
Jessica Garlick,3,Come Back,2002,United Kingdom,111,English
Manuel Ortega,18,Say a Word,2002,Austria,26,English
Michalis Rakintzis,17,S.A.G.A.P.O.,2002,Greece,27,English
Rosa,7,Europe's Living a Celebration,2002,Spain,81,"Spanish, English"
Vesna Pisarović,11,Everything I Want,2002,Croatia,44,English
Prime Minister,10,Northern Girl,2002,Russia,55,English
Sahlene,3,Runaway,2002,Estonia,111,English
Karolina,19,Od nas zavisi (Од нас зависи),2002,Macedonia,25,Macedonian
Sarit Hadad,12,Light a Candle,2002,Israel,37,"Hebrew, English"
Francine Jordi,22,Dans le jardin de mon âme,2002,Switzerland,15,French
Afro-dite,8,Never Let It Go,2002,Sweden,72,English
Laura,20,Addicted To You,2002,Finland,24,English
Malene,24,Tell Me Who You Are,2002,Denmark,7,English
Maja,13,Na jastuku za dvoje (На јастуку за двоје),2002,Bosnia and Herzegovina,33,"Serbian, English"
Sergio & The Ladies,13,Sister,2002,Belgium,33,English
Sandrine François,5,Il faut du temps,2002,France,104,French
Corinna May,21,I Can't Live Without Music,2002,Germany,17,English
Buket Bengisu & Group Safir,16,Leylaklar Soldu Kalbinde,2002,Turkey,29,"Turkish, English"
Ira Losco,2,7th Wonder,2002,Malta,164,English
Monica Anghel & Marcel Pavel,9,Tell Me Why,2002,Romania,71,English
Sestre,13,Samo ljubezen,2002,Slovenia,33,Slovene
Marie N,1,I Wanna,2002,Latvia,176,English
Aivaras,23,Happy You,2002,Lithuania,12,English
Birgitta,8,Open Your Heart,2003,Iceland,81,English
Alf Poier,6,Weil der Mensch zählt,2003,Austria,101,German1
Mickey Harte,11,We've Got the World,2003,Ireland,53,English
Sertab Erener,1,Everyway That I Can,2003,Turkey,167,English
Lynn Chircop,25,To Dream Again,2003,Malta,4,English
Mija Martina,16,Ne brini,2003,Bosnia and Herzegovina,27,"Croatian, English"
Rita Guerra,22,Deixa-me sonhar,2003,Portugal,13,"Portuguese, English"
Claudia Beni,15,Više nisam tvoja,2003,Croatia,29,"Croatian, English"
Stelios Constantas,20,Feeling Alive,2003,Cyprus,15,English
Lou,11,Let's Get Happy,2003,Germany,53,English
t.A.T.u.,3,"Ne ver', ne boysia (Не верь, не бойся)",2003,Russia,164,Russian
Beth,8,Dime,2003,Spain,81,Spanish
Lior Narkis,19,Words for Love,2003,Israel,17,Hebrew2
Esther Hart,13,One More Night,2003,Netherlands,45,English
Jemini,26,Cry Baby,2003,United Kingdom,0,English
Olexandr,14,Hasta la Vista,2003,Ukraine,30,English
Mando,17,Never Let You Go,2003,Greece,25,English
Jostein Hasselgård,4,I'm Not Afraid to Move On,2003,Norway,123,English
Louisa Baïleche,18,Monts et merveilles,2003,France,19,French
Ich Troje,7,Keine Grenzen – Żadnych granic,2003,Poland,90,"German, Polish, Russian"
F.L.Y.,24,Hello from Mars,2003,Latvia,5,English
Urban Trad,2,Sanomi,2003,Belgium,165,Imaginary
Ruffus,21,Eighties Coming Back,2003,Estonia,14,English
Nicola,10,Don't Break My Heart,2003,Romania,73,English
Fame,5,Give Me Your Love,2003,Sweden,107,English
Karmen,23,Nanana,2003,Slovenia,7,English
Ramón,10,Para llenarme de ti,2004,Spain,87,Spanish
Tie Break,21,Du bist,2004,Austria,9,German
Knut Anders Sørum,24,High,2004,Norway,3,English
Jonatan Cerrada,15,À chaque pas,2004,France,40,"French, Spanish"
Željko Joksimović & Ad-Hoc Orchestra,2,Lane moje (Лане моје),2004,Serbia and Montenegro,263,Serbian
Julie and Ludwig,12,On Again... Off Again,2004,Malta,50,English
Re-Union,20,Without You,2004,Netherlands,11,English
Max,8,Can't Wait Until Tonight,2004,Germany,93,"English, Turkish"
Anjeza Shahini,7,The Image of You,2004,Albania,106,English
Ruslana,1,Wild Dances,2004,Ukraine,280,"English, Ukrainian"
Ivan Mikulić,12,You Are the Only One,2004,Croatia,50,English
Deen,9,In the Disco,2004,Bosnia and Herzegovina,91,English
Xandee,22,1 Life,2004,Belgium,7,English
Julia Savicheva,11,Believe Me,2004,Russia,67,English
Toše Proeski,14,Life,2004,Macedonia,47,English
Sakis Rouvas,3,Shake It,2004,Greece,252,English
Jónsi,19,Heaven,2004,Iceland,16,English
Chris Doran,22,If My World Stopped Turning,2004,Ireland,7,English
Blue Café,17,Love Song,2004,Poland,27,"English, Spanish"
James Fox,16,Hold On to Our Love,2004,United Kingdom,29,English
Lisa Andreas,5,Stronger Every Minute,2004,Cyprus,170,English
Athena,4,For Real,2004,Turkey,195,English
Sanda,18,I Admit,2004,Romania,18,English
Lena Philipsson,5,It Hurts,2004,Sweden,170,English
NOX,12,"Forogj, világ!",2005,Hungary,97,Hungarian
Javine,22,Touch My Fire,2005,United Kingdom,18,English
Chiara,2,Angel,2005,Malta,192,English
Luminița Anghel & Sistem,3,Let Me Try,2005,Romania,158,English
Wig Wam,9,In My Dreams,2005,Norway,125,English
Gülseren,13,Rimi Rimi Ley,2005,Turkey,92,Turkish
Zdob și Zdub,6,Boonika bate doba,2005,Moldova,148,"English, Romanian"
Ledina Çelo,16,Tomorrow I Go,2005,Albania,53,English
Constantinos Christoforou,18,Ela Ela,2005,Cyprus,46,English
Son de Sol,21,Brujería,2005,Spain,28,Spanish
Shiri Maimon,4,Hasheket Shenish'ar (השקט שנשאר),2005,Israel,154,"Hebrew, English"
No Name,7,Zauvijek moja (Заувијек моја),2005,Serbia and Montenegro2,137,Montenegrin
Jakob Sveistrup,9,Talking to You,2005,Denmark,125,English
Martin Stenmarck,19,Las Vegas,2005,Sweden,30,English
Martin Vučić,17,Make My Day,2005,Macedonia,52,English
GreenJolly,19,Razom nas bahato (Разом нас багато),2005,Ukraine,30,"Ukrainian, English1"
Gracia,24,Run and Hide,2005,Germany,4,English
Boris Novković feat. Lado Members,11,Vukovi umiru sami,2005,Croatia2,115,Croatian
Helena Paparizou,1,My Number One,2005,Greece,230,English
Natalia Podolskaya,15,Nobody Hurt No One,2005,Russia,57,English
Feminnem,14,Call Me,2005,Bosnia and Herzegovina,79,English
Vanilla Ninja,8,Cool Vibes,2005,Switzerland,128,English
Walters & Kazha,5,The War Is Not Over,2005,Latvia,153,English
Ortal,23,Chacun pense à soi,2005,France,11,French
six4one,16,If We All Give a Little,2006,Switzerland,30,English
Arsenium feat. Natalia Gordienko,20,Loca,2006,Moldova,22,English3
Eddie Butler,23,Together We Are One,2006,Israel,4,"Hebrew, English"
Vocal Group Cosmos,16,I Hear Your Heart,2006,Latvia,30,English
Christine Guldbrandsen,14,Alvedansen,2006,Norway,36,Norwegian
Las Ketchup,21,Un Blodymary,2006,Spain,18,Spanish
Fabrizio Faniello,24,I Do,2006,Malta,1,English
Texas Lightning,14,No No Never,2006,Germany,36,English
Sidsel Ben Semmane,18,Twist of Love,2006,Denmark,26,English
Dima Bilan,2,Never Let You Go,2006,Russia,248,English
Elena Risteska,12,Ninanajna (Нинанајна),2006,Macedonia,56,"English, Macedonian"
Mihai Trăistariu,4,Tornerò,2006,Romania,172,"English, Italian"
Hari Mata Hari,3,Lejla,2006,Bosnia and Herzegovina,229,Bosnian
LT United,6,We Are the Winners,2006,Lithuania,162,English2
Daz Sampson,19,Teenage Life,2006,United Kingdom,25,English
Anna Vissi,9,Everything,2006,Greece,128,English
Lordi,1,Hard Rock Hallelujah,2006,Finland,292,English
Tina Karol,7,Show Me Your Love,2006,Ukraine,145,English
Virginie Pouchain,22,Il était temps,2006,France,5,French
Severina,12,Moja štikla,2006,Croatia,56,Croatian
Brian Kennedy,10,Every Song Is a Cry for Love,2006,Ireland,93,English
Carola,5,Invincible,2006,Sweden,170,English
Sibel Tüzün,11,Süper Star,2006,Turkey,91,"Turkish, English"
André,8,Without Your Love,2006,Armenia,129,English
Marija Šestić,11,Rijeka bez imena (Ријека без имена),2007,Bosnia and Herzegovina,106,Serbian
D'NASH,20,I Love You Mi Vida,2007,Spain,43,Spanish3
Dmitry Koldun,6,Work Your Magic,2007,Belarus,145,English
Dervish,24,They Can't Stop the Spring,2007,Ireland,5,English
Hanna Pakarinen,17,Leave Me Alone,2007,Finland,53,English
Karolina,14,Mojot svet (Мојот свет),2007,Macedonia,73,"Macedonian, English"
Alenka Gotar,15,Cvet z juga,2007,Slovenia,66,Slovene
Magdi Rúzsa,9,Unsubstantial Blues,2007,Hungary,128,English
4Fun,21,Love or Leave,2007,Lithuania,28,English
Sarbel,7,Yassou Maria (Γεια σου Μαρία),2007,Greece,139,English
Sopho,12,Visionary Dream,2007,Georgia,97,English
The Ark,18,The Worrying Kind,2007,Sweden,51,English
Les Fatals Picards,22[9],L'amour à la française,2007,France,19,"French, English (""Franglais"")"
Bonaparti.lv,16,Questa notte,2007,Latvia,54,Italian
Serebro,3,Song #1,2007,Russia,207,English
Roger Cicero,19,Frauen regier'n die Welt,2007,Germany,49,"German, English"
Marija Šerifović,1,Molitva (Молитва),2007,Serbia,268,Serbian
Verka Serduchka,2,Dancing Lasha Tumbai (Dancing Лаша Тумбай),2007,Ukraine,235,"German, English, Ukrainian"
Scooch,22,Flying the Flag (For You),2007,United Kingdom,19,English
Todomondo,13,"Liubi, Liubi, I Love You (Люби, Люби, I Love You)",2007,Romania,84,"English, Italian, Spanish,
Russian, French, Romanian"
Elitsa Todorova & Stoyan Yankoulov,5,Water,2007,Bulgaria,157,Bulgarian
Kenan Doğulu,4,Shake It Up Şekerim,2007,Turkey,163,English
Hayko,8,Anytime You Need,2007,Armenia,138,"English, Armenian"
Natalia Barbu,10,Fight,2007,Moldova,109,English
Nico and Vlad,20 !20,Pe-o margine de lume,2008,Romania,45,"Romanian, Italian"
Andy Abraham,25 !25 [D],Even If,2008,United Kingdom,14,English
Olta Boka,17 !17,Zemrën e lamë peng,2008,Albania,55,Albanian
No Angels,23 !23 [D],Disappear,2008,Germany,14,English
Sirusho,04 !4,"Qélé, Qélé (Քելե Քելե)",2008,Armenia,199,"English, Armenian"
Laka,10 !10,Pokušaj,2008,Bosnia and Herzegovina,110,Bosnian
Boaz Ma'uda,09 !9,The Fire in Your Eyes,2008,Israel,124,"Hebrew, English"
Teräsbetoni,22 !22,Missä miehet ratsastaa,2008,Finland,35,Finnish
Kraljevi Ulice and 75 cents,21 !21,Romanca,2008,Croatia,44,Croatian
Isis Gee,24 !24 [D],For Life,2008,Poland,14,English
Euroband,14 !14,This Is My Life,2008,Iceland,64,English
Mor ve Ötesi,07 !7,Deli,2008,Turkey,138,Turkish
Vânia Fernandes,13 !13,Senhora do mar (Negras águas),2008,Portugal,69,Portuguese
Pirates of the Sea,12 !12,Wolves of the Sea,2008,Latvia,83,English
Charlotte Perrelli,18 !18,Hero,2008,Sweden,47,English
Simon Mathew,15 !15,All Night Long,2008,Denmark,60,English
Diana Gurtskaya,11 !11,Peace Will Come,2008,Georgia,83,English
Ani Lorak,02 !2,Shady Lady,2008,Ukraine,230,English
Sébastien Tellier,19 !19,Divine,2008,France,47,"English, French"
Elnur and Samir,08 !8,Day After Day,2008,Azerbaijan,132,English
Kalomira,03 !3,Secret Combination,2008,Greece,218,English
Rodolfo Chikilicuatre,16 !16,Baila el Chiki-chiki,2008,Spain,55,"Spanish, English"
Jelena Tomašević feat. Bora Dugić,06 !6,Oro (Оро),2008,Serbia,160,Serbian
Dima Bilan,01 !1,Believe,2008,Russia,272,English
Maria Haukaas Storeng,05 !5,Hold On Be Strong,2008,Norway,182,English
Sasha Son,23,Love,2009,Lithuania,23,"English, Russian"
Noa and Mira Awad,16,There Must Be Another Way,2009,Israel,53,"English, Hebrew, Arabic"
Patricia Kaas,8,Et s'il fallait le faire,2009,France,107,French
Malena Ernman,21,La voix,2009,Sweden,33,"French, English"
Igor Cukrov feat. Andrea,18,Lijepa Tena,2009,Croatia,45,Croatian
Flor-de-Lis,15,Todas as ruas do amor,2009,Portugal,57,Portuguese
Yohanna[69],2,Is It True?,2009,Iceland,218,English
Sakis Rouvas,7,This Is Our Night,2009,Greece,120,English
Inga and Anush,10,Jan Jan (Ջան Ջան),2009,Armenia,92,"English, Armenian"
Anastasiya Prikhodko,11,Mamo (Мамо),2009,Russia,91,"Russian, Ukrainian"
AySel and Arash[74],3,Always,2009,Azerbaijan,207,English
Regina,9,Bistra voda,2009,Bosnia and Herzegovina,106,Bosnian[70][71]
Nelly Ciobanu,14,Hora din Moldova,2009,Moldova,69,"Romanian, English"
Chiara,22,What If We,2009,Malta,31,English
Urban Symphony,6,Rändajad,2009,Estonia,129,Estonian
Niels Brinck,13,Believe Again,2009,Denmark,74,English
Alex Swings Oscar Sings![75],20,Miss Kiss Kiss Bang,2009,Germany,35,English
Hadise,4,Düm Tek Tek,2009,Turkey,177,English
Kejsi Tola,17,Carry Me in Your Dreams,2009,Albania,48,English
Alexander Rybak,01 !1,Fairytale,2009,Norway,387,English
Svetlana Loboda,12,Be My Valentine,2009,Ukraine,76,English
Elena,19,The Balkan Girls,2009,Romania,40,English
Jade Ewen,5,It's My Time,2009,United Kingdom,173,English
Waldo's People,25,Lose Control,2009,Finland,22,English
Soraya Arnelas,24,La noche es para mí,2009,Spain,23,Spanish
Safura,5,Drip Drop,2010,Azerbaijan,145,English
Daniel Diges,15,Algo Pequeñito,2010,Spain,68,Spanish
Didrik Solli-Tangen,20,My Heart Is Yours,2010,Norway,35,English
SunStroke Project and Olia Tira,22,Run Away,2010,Moldova,27,English
Jon Lilygreen and The Islanders,21,Life Looks Better in Spring,2010,Cyprus,27,English
Vukašin Brajić,17,Thunder and Lightning,2010,Bosnia and Herzegovina,51,English
Tom Dice,6,Me and My Guitar,2010,Belgium,143,English
Milan Stanković,13,Ovo je Balkan (Oво je Балкан),2010,Serbia,72,Serbian
3+2 feat Robert Wells,24,Butterflies,2010,Belarus,18,English
Niamh Kavanagh,23,It's for You,2010,Ireland,25,English
Giorgos Alkaios and Friends,8,OPA (ΩΠΑ),2010,Greece,140,Greek1
Josh Dubovie,25,That Sounds Good to Me,2010,United Kingdom,10,English
Sofia Nizharadze,9,Shine,2010,Georgia,136,English
maNga,2,We Could Be the Same,2010,Turkey,170,English
Juliana Pasha,16,It's All About You,2010,Albania,62,English
Hera Björk,19,Je ne sais quoi,2010,Iceland,41,English
Alyosha,10,Sweet People,2010,Ukraine,108,English
Jessy Matador,12,Allez Ola Olé,2010,France,82,French
Paula Seling and Ovi,3,Playing with Fire,2010,Romania,162,English
Peter Nalitch and Friends,11,Lost and Forgotten,2010,Russia,90,English
Eva Rivas,7,Apricot Stone,2010,Armenia,141,English
Lena,1,Satellite,2010,Germany,246,English
Filipa Azevedo,18,Há dias assim,2010,Portugal,43,Portuguese
Harel Skaat,14,Milim (מילים),2010,Israel,71,Hebrew
Chanée and N'evergreen,4,In a Moment Like This,2010,Denmark,149,English
Paradise Oskar,21,Da Da Dam,2011,Finland,57,English
Dino Merlin,6,Love in Rewind,2011,Bosnia and Herzegovina,125,"English, Bosnian"
A Friend in London,5,New Tomorrow,2011,Denmark,134,English
Evelina Sašenko,19,C'est ma vie,2011,Lithuania,63,English1
Kati Wolf,22,What About My Dreams?,2011,Hungary,53,"English, Hungarian"
Jedward,8,Lipstick,2011,Ireland,119,English
Eric Saade,3,Popular,2011,Sweden,185,English
Getter Jaani,24,Rockefeller Street,2011,Estonia,44,English
Loukas Giorkas feat. Stereo Mike,7,Watch My Dance,2011,Greece,120,"English, Greek"
Alexey Vorobyov,16,Get You,2011,Russia,77,"English, Russian"
Amaury Vassili,15,Sognu,2011,France,82,Corsican
Raphael Gualazzi,2,Madness of Love,2011,Italy,189,"Italian, English"
Anna Rossinelli,25,In Love for a While,2011,Switzerland,19,English
Blue,11,I Can,2011,United Kingdom,100,English
Zdob şi Zdub,12,So Lucky,2011,Moldova,97,English
Lena,10,Taken by a Stranger,2011,Germany,107,English
Hotel FM,17,Change,2011,Romania,77,English
Nadine Beiler,18,The Secret Is Love,2011,Austria,64,English
Ell & Nikki,1,Running Scared,2011,Azerbaijan,221,English
Maja Keuc,13,No One,2011,Slovenia,96,English
Sjonni's Friends,20,Coming Home,2011,Iceland,61,English
Lucía Pérez,23,Que me quiten lo bailao,2011,Spain,50,Spanish
Mika Newton,4,Angel,2011,Ukraine,159,English
Nina,14,Čaroban (Чаробан),2011,Serbia,85,Serbian
Eldrine,9,One More Day,2011,Georgia,110,English
Engelbert Humperdinck,25,Love Will Set You Free,2012,United Kingdom,12,English
Compact Disco,24,Sound of Our Hearts,2012,Hungary,19,English
Rona Nishliu,5,Suus3,2012,Albania,146,Albanian
Donny Montell,14,Love Is Blind,2012,Lithuania,70,English
Maya Sar,18,Korake ti znam,2012,Bosnia and Herzegovina,55,Bosnian
Buranovskiye Babushki,2,Party for Everybody,2012,Russia,259,"Udmurt, English"
Greta Salóme and Jónsi,20,Never Forget,2012,Iceland,46,English
Ivi Adamou,16,La La Love,2012,Cyprus,65,English
Anggun,22,Echo (You and I),2012,France,21,"French, English"
Nina Zilli,9,L'amore è femmina (Out of Love),2012,Italy,101,"English, Italian"
Ott Lepland,6,Kuula,2012,Estonia,120,Estonian
Tooji,26,Stay,2012,Norway,7,English
Sabina Babayeva,4,When the Music Dies,2012,Azerbaijan,150,English
Mandinga,12,Zaleilah,2012,Romania,71,"Spanish, English"
Soluna Samay,23,Should've Known Better,2012,Denmark,21,English
Eleftheria Eleftheriou,17,Aphrodisiac,2012,Greece,64,English
Loreen,1,Euphoria,2012,Sweden,372,English
Can Bonomo,7,Love Me Back,2012,Turkey,112,English
Pastora Soler,10,Quédate conmigo,2012,Spain,97,Spanish
Roman Lob,8,Standing Still,2012,Germany,110,English
Kurt Calleja,21,This Is the Night,2012,Malta,41,English
Kaliopi,13,Crno i belo (Црно и бело),2012,Macedonia,71,Macedonian
Jedward,19,Waterline,2012,Ireland,46,English
Željko Joksimović,3,Nije ljubav stvar (Није љубав ствар),2012,Serbia,214,Serbian
Gaitana,15,Be My Guest,2012,Ukraine,65,English
Pasha Parfeny,11,Lăutar,2012,Moldova,81,English7
Amandine Bourgeois,23,L'enfer et moi,2013,France,14,French
Andrius Pojavis,22,Something,2013,Lithuania,17,English
Aliona Moon,11,O mie,2013,Moldova,71,Romanian
Krista Siegfrids,24,Marry Me,2013,Finland,13,English
ESDM,25,Contigo hasta el final,2013,Spain,8,Spanish2
Roberto Bellarosa,12,Love Kills,2013,Belgium,71,English
Birgit,20,Et uus saaks alguse,2013,Estonia,19,Estonian
Alyona Lanskaya,16,Solayoh,2013,Belarus,48,English
Gianluca,8,Tomorrow,2013,Malta,120,English
Dina Garipova,5,What If,2013,Russia,174,English
Cascada,21,Glorious,2013,Germany,18,English
Dorians,18,Lonely Planet,2013,Armenia,41,English
Anouk,9,Birds,2013,Netherlands,114,English
Cezar,13,It's My Life,2013,Romania,65,English
Bonnie Tyler,19,Believe in Me,2013,United Kingdom,23,English
Robin Stjernberg,14,You,2013,Sweden,62,English
ByeAlex,10,Kedvesem (Zoohacker Remix),2013,Hungary,84,Hungarian
Emmelie de Forest,1,Only Teardrops,2013,Denmark,281,English
Eythor Ingi,17,Ég á líf,2013,Iceland,47,Icelandic
Farid Mammadov,2,Hold Me,2013,Azerbaijan,234,English
Koza Mostra feat. Agathon Iakovidis,6,Alcohol Is Free,2013,Greece,152,Greek1
Zlata Ognevich,3,Gravity,2013,Ukraine,214,English
Marco Mengoni,7,L'essenziale,2013,Italy,126,Italian
Margaret Berger,4,I Feed You My Love,2013,Norway,191,English
Nodi Tatishvili and Sophie Gelovani,15,Waterfall,2013,Georgia,50,English
Ryan Dolan,26,Only Love Survives,2013,Ireland,5,English
Mariya Yaremchuk,6,Tick-Tock,2014,Ukraine,113,English
Teo,16,Cheesecake,2014,Belarus,43,English
Dilara Kazimova,22,Start a Fire,2014,Azerbaijan,33,English
Pollapönk,15,No Prejudice,2014,Iceland,58,English
Carl Espen,8,Silent Storm,2014,Norway,88,English
Paula Seling & Ovi,12,Miracle,2014,Romania,72,English
Aram MP3,4,Not Alone,2014,Armenia,174,English
Sergej Ćetković,19,Moj svijet (Мој свијет),2014,Montenegro,37,Montenegrin
Donatan & Cleo,14,My Słowianie – We Are Slavic,2014,Poland,62,"Polish, English"
Freaky Fortune feat. RiskyKidd,20,Rise Up,2014,Greece,35,English
Conchita Wurst,1,Rise Like a Phoenix,2014,Austria,290,English
Elaiza,18,Is It Right,2014,Germany,39,English
Sanna Nielsen,3,Undo,2014,Sweden,218,English
TWIN TWIN,26,Moustache,2014,France,2,French2
Tolmachevy Sisters,7,Shine,2014,Russia,89,English
Emma,21,La mia città,2014,Italy,33,Italian3
Tinkara Kovač,25,Round and Round,2014,Slovenia,9,"English, Slovene"
Softengine,11,Something Better,2014,Finland,72,English
Ruth Lorenzo,10,Dancing in the Rain,2014,Spain,74,"English, Spanish"
Sebalter,13,Hunter of Stars,2014,Switzerland,64,English
András Kállay-Saunders,5,Running,2014,Hungary,143,English
Firelight,23,Coming Home,2014,Malta,32,English
Basim,9,Cliché Love Song,2014,Denmark,74,English
The Common Linnets,2,Calm After the Storm,2014,Netherlands,238,English
Valentina Monetta,24,Maybe,2014,San Marino,14,English
Molly,17,Children of the Universe,2014,United Kingdom,40,English
Maraaya,14,Here for You,2015,Slovenia,39,English
Lisa Angell,25,N'oubliez pas,2015,France,4,French
Nadav Guedj,9,Golden Boy,2015,Israel,97,English
Elina Born & Stig Rästa,7,Goodbye to Yesterday,2015,Estonia,106,English
Electro Velvet,24,Still in Love with You,2015,United Kingdom,5,English
Genealogy,16,Face the Shadow,2015,Armenia,34,English
Monika Linkytė & Vaidas Baumila,18,This Time,2015,Lithuania,30,English
Bojana Stamenov,10,Beauty Never Lies,2015,Serbia,53,English
Mørland & Debrah Scarlett,8,A Monster Like Me,2015,Norway,102,English
Måns Zelmerlöw,1,Heroes,2015,Sweden,365,English
John Karayiannis,22,One Thing I Should Have Done,2015,Cyprus,11,English
Guy Sebastian,5,Tonight Again,2015,Australia,196,English
Loïc Nottet,4,Rhythm Inside,2015,Belgium,217,English
The Makemakes,26a,I Am Yours,2015,Austria,0,English
Maria Elena Kyriakou,19,One Last Breath,2015,Greece,23,English
Knez,13,Adio,2015,Montenegro,44,Montenegrin
Ann Sophie,27,Black Smoke,2015,Germany,0,English
Monika Kuszyńska,23,In the Name of Love,2015,Poland,10,English
Aminata,6,Love Injected,2015,Latvia,186,English
Voltaj,15,De la capăt,2015,Romania,35,"Romanian, English"
Edurne,21,Amanecer,2015,Spain,15,Spanish
Boggie,20,Wars for Nothing,2015,Hungary,19,English
Nina Sublatti,11,Warrior,2015,Georgia,51,English
Elnur Huseynov,12,Hour of the Wolf,2015,Azerbaijan,49,English
Polina Gagarina,2,A Million Voices,2015,Russia,303,English
Elhaida Dani,17,I'm Alive,2015,Albania,34,English
Il Volo,3,Grande amore,2015,Italy,292,Italian
Laura Tesoro,10,What's the Pressure,2016,Belgium,181,English
Gabriela Gunčíková,25,I Stand,2016,Czech Republic,41,English
Douwe Bob,11,Slow Down,2016,Netherlands,153,English
Samra,17,Miracle,2016,Azerbaijan,117,English
Freddie,19,Pioneer,2016,Hungary,108,English
Francesca Michielin,16,No Degree of Separation,2016,Italy,124,"Italian, English"
Hovi Star,14,Made of Stars,2016,Israel,135,English
Poli Genova,4,If Love Was a Crime,2016,Bulgaria,307,"English, Bulgarian"
Frans,5,If I Were Sorry,2016,Sweden,261,English
Jamie-Lee,26,Ghost,2016,Germany,11,English
Amir,6,J'ai cherché,2016,France,257,"French, English"
Michał Szpak,8,Color of Your Life,2016,Poland,229,English
Dami Im,2,Sound of Silence,2016,Australia,511,English
Minus One,21,Alter Ego,2016,Cyprus,96,English
Sanja Vučić ZAA,18,Goodbye (Shelter),2016,Serbia,115,English
Donny Montell,9,I've Been Waiting for This Night,2016,Lithuania,200,English
Nina Kraljić,23,Lighthouse,2016,Croatia,73,English
Sergey Lazarev,3,You Are the Only One,2016,Russia,491,English
Barei,22,Say Yay!,2016,Spain,77,English
Justs,15,Heartbeat,2016,Latvia,132,English
Jamala,1,1944,2016,Ukraine,534,"English, Crimean Tatar"
Ira Losco,12,Walk on Water,2016,Malta,153,English
Nika Kocharov & Young Georgian Lolitaz,20,Midnight Gold,2016,Georgia,104,English
Zoë,13,Loin d'ici,2016,Austria,151,French
Joe and Jake,24,You're Not Alone,2016,United Kingdom,62,English
Iveta Mukuchyan,7,LoveWave,2016,Armenia,249,English
IMRI,23,I Feel Alive,2017,Israel,39,English
Kasia Moś,22,Flashlight,2017,Poland,64,English
Naviband,17,Story of My Life,2017,Belarus,83,Belarusian[e]
Nathan Trent,16,Running on Air,2017,Austria,93,English
Artsvik,18,Fly with Me,2017,Armenia,79,English
O'G3NE,11,Lights and Shadows,2017,Netherlands,150,English
Sunstroke Project,3,"Hey, Mamma!",2017,Moldova,374,English
Joci Pápai,8,Origo,2017,Hungary,200,Hungarian[c]
Francesco Gabbani,6,Occidentali's Karma,2017,Italy,334,Italian[f]
Anja,20,Where I Am,2017,Denmark,77,English
Salvador Sobral,1,Amar pelos dois,2017,Portugal,758,Portuguese
Dihaj,14,Skeletons,2017,Azerbaijan,120,English
Jacques Houdek,13,My Friend,2017,Croatia,128,"English, Italian"
Isaiah,9,Don't Come Easy,2017,Australia,173,English
Demy,19,This Is Love,2017,Greece,77,English
Manel Navarro,26,Do It for Your Lover,2017,Spain,5,"Spanish, English"
JOWST[d],10,Grab the Moment,2017,Norway,158,English
Lucie Jones,15,Never Give Up on You,2017,United Kingdom,111,English
Hovig,21,Gravity,2017,Cyprus,68,English
Ilinca ft. Alex Florea,7,Yodel It!,2017,Romania,282,English
Levina,25,Perfect Life,2017,Germany,6,English
O.Torvald,24,Time,2017,Ukraine,36,English
Blanche,4,City Lights,2017,Belgium,363,English
Robin Bengtsson,5,I Can't Go On,2017,Sweden,344,English
Kristian Kostov,2,Beautiful Mess,2017,Bulgaria,615,English
Alma,12,Requiem,2017,France,135,"French, English"
