Song,Country,id,Artist,Year,Language,Points,Rank
De vogels van Holland,Netherlands,,Jetty Paerl,1956,Dutch,,2
Das alte Karussell,Switzerland,1DOoZ2xuGQ8bwRijBc1CPE,Lys Assia,1956,German,,2
Messieurs les noyés de la Seine,Belgium,,Fud Leclerc,1956,French,,2
Im Wartesaal zum großen Glück,Germany,0AgEJVretpGgR19xND01Sy,Walter Andreas Schwarz,1956,German,,2
Le temps perdu,France,,Mathé Altéry,1956,French,,2
Ne crois pas,Luxembourg,6FvurqfNB7a0gETC77KPRO,Michèle Arnaud,1956,French,,2
Aprite le finestre,Italy,1Pck5jM9rA5pf8HgUufaTT,Franca Raimondi,1956,Italian,,2
Voorgoed voorbij,Netherlands,,Corry Brokken,1956,Dutch,,2
Refrain,Switzerland,09kE6H3sCYrt7jfXqU5zsq,Lys Assia,1956,French,,1
Le plus beau jour de ma vie,Belgium,,Mony Marc,1956,French,,2
So geht das jede Nacht,Germany,1XvhoD2ZHFRZkWTllVTBKP,Freddy Quinn,1956,German,,2
Il est là,France,,Dany Dauberson,1956,French,,2
Les amants de minuit,Luxembourg,5YfQzi2s0IWtiPIIiebqON,Michèle Arnaud,1956,French,,2
Amami se vuoi,Italy,3vidNbMldZ7WdwTFKOFYpG,Tonina Torrielli,1956,Italian,,2
Straatdeuntje,Belgium,1uDTs2Ly71VpsEalVrbojy,Bobbejaan Schoepen,1957,Dutch,5,8
Amours mortes (tant de peine),Luxembourg,,Danièle Dupré,1957,French,8,4
All,United Kingdom,,Patricia Bredin,1957,English,6,7
Corde della mia chitarra,Italy,2L540gOVojXG7qCxkBQUFn,Nunzio Gallo,1957,Italian,7,6
"Wohin, kleines Pony?",Austria,,Bob Martin,1957,German,3,10
Net als toen,Netherlands,3WXO5lS7YfcIwxGn81PI6h,Corry Brokken,1957,Dutch,31,1
"Telefon, Telefon",Germany,,Margot Hielscher,1957,German,8,4
La belle amour,France,,Paule Desjardins,1957,French,17,2
Skibet skal sejle i nat,Denmark,,Birthe Wilke & Gustav Winckler,1957,Danish,10,3
L'enfant que j'étais,Switzerland,,Lys Assia,1957,French,5,8
Nel blu dipinto di blu,Italy,5zyrEv4F3FaLECI8TOKpFM,Domenico Modugno,1958,Italian,13,3
Heel de wereld,Netherlands,6I0G0fiXZ81FgHTiXxPe2V,Corry Brokken,1958,Dutch,1,9
"Dors, mon amour",France,3kFXYCHBeJwYrwmpLYBdpT,André Claveau,1958,French,27,1
Un grand amour,Luxembourg,,Solange Berry,1958,French,1,9
Lilla stjärna,Sweden,,Alice Babs,1958,Swedish,10,4
Jeg rev et blad ud af min dagbog,Denmark,2nEHSK9YZ07207EcKEd0nv,Raquel Rastenni,1958,Danish,3,8
Ma petite chatte,Belgium,,Fud Leclerc,1958,French,8,5
Für zwei Groschen Musik,Germany,7gvmOfTwoeQsVsCyKWs6QG,Margot Hielscher,1958,German,5,7
Die ganze Welt braucht Liebe,Austria,,Liane Augustin,1958,German,8,5
Giorgio,Switzerland,,Lys Assia,1958,"German, Italian",24,2
"Oui, oui, oui, oui",France,,Jean Philippe,1959,French,15,3
"Uh, jeg ville ønske jeg var dig",Denmark,3ULgnjAYo3Eo8EY0wFmlZs,Birthe Wilke,1959,Danish,12,5
"Piove (Ciao, ciao bambina)",Italy,4BFReH3RNbXb26vFZwmfta,Domenico Modugno,1959,Italian,9,6
Mon ami Pierrot,Monaco,,Jacques Pills,1959,French,1,11
Een beetje,Netherlands,4VnVRmwdCqHMF4mqTZ5j2I,Teddy Scholten,1959,Dutch,21,1
Heute Abend wollen wir tanzen geh'n,Germany,,Alice & Ellen Kessler,1959,German,5,8
Augustin,Sweden,,Brita Borg,1959,Swedish,4,9
Irgendwoher,Switzerland,,Christa Williams,1959,German,14,4
Der K und K Kalypso aus Wien,Austria,,Ferry Graf,1959,German,4,9
"Sing, Little Birdie",United Kingdom,,Pearl Carr & Teddy Johnson,1959,English,16,2
Hou toch van mij,Belgium,,Bob Benny,1959,Dutch,9,6
"Looking High, High, High",United Kingdom,,Bryan Johnson,1960,English,25,2
Alla andra får varann,Sweden,,Siw Malmkvist,1960,Swedish,4,10
So laang we's du do bast,Luxembourg,,Camillo Felgen,1960,Luxembourgish,1,13
Det var en yndig tid,Denmark,,Katy Bødtger,1960,Danish,4,10
Mon amour pour toi,Belgium,,Fud Leclerc,1960,French,9,6
Voi Voi1,Norway,,Nora Brockstedt,1960,Norwegian,11,4
Du hast mich so fasziniert,Austria,,Harry Winter,1960,German,6,7
Ce soir-là,Monaco,6C2fx08Snj39zham5oEOG8,François Deguelt,1960,French,15,3
Cielo e terra,Switzerland,,Anita Traversi,1960,Italian,5,8
Wat een geluk,Netherlands,1LTkwKpE68ueReVGjN2Zbs,Rudi Carrell,1960,Dutch,2,12
Bonne nuit ma chérie,Germany,,Wyn Hoop,1960,"German, French",11,4
Romantica,Italy,4ymRtBxaKfSJwmcaT1tKjG,Renato Rascel,1960,Italian,5,8
Tom Pillibi,France,3fZIQ0sdsy7u7YDmOpqbxS,Jacqueline Boyer,1960,French,32,1
Estando contigo,Spain,3buIgsA61cLWroquKAYyuM,Conchita Bautista,1961,Spanish,8,9
"Allons, allons les enfants",Monaco,,Colette Deréal,1961,French,6,10
Sehnsucht,Austria,,Jimmy Makulis,1961,German,1,15
Valoa ikkunassa,Finland,3jsqRFCFZwHYi5BPlTqxWU,Laila Kinnunen,1961,Finnish,6,10
Neke davne zvezde (Неке давне звезде),Yugoslavia,,Ljiljana Petrović,1961,Serbian,9,8
Wat een dag,Netherlands,,Greetje Kauffeld,1961,Dutch,6,10
"April, april",Sweden,,Lill-Babs,1961,Swedish,2,14
Einmal sehen wir uns wieder,Germany,,Lale Andersen,1961,"German, French",3,13
"Printemps, avril carillonne",France,,Jean-Paul Mauric,1961,French,13,4
Nous aurons demain,Switzerland,,Franca di Rienzo,1961,French,16,3
"September, gouden roos",Belgium,,Bob Benny,1961,Dutch,1,15
Sommer i Palma,Norway,2kjG6EiMlVcKJ0e5XPVWZi,Nora Brockstedt,1961,Norwegian,10,7
Angelique,Denmark,5GFTG3ictTAnX1JHwLieMO,Dario Campeotto,1961,Danish,12,5
Nous les amoureux,Luxembourg,35PWl4T8d2U3a5AboajXXw,Jean-Claude Pascal,1961,French,31,1
Are You Sure?,United Kingdom,,The Allisons,1961,English,24,2
Al di là,Italy,,Betty Curtis,1961,Italian,12,5
Tipi-tii,Finland,,Marion Rung,1962,Finnish,4,7
Ton nom,Belgium,,Fud Leclerc,1962,French,0,13
Llámame,Spain,,Victor Balaguer,1962,Spanish,0,13
Nur in der Wiener Luft,Austria,,Eleonore Schwarz,1962,German,0,13
Vuggevise,Denmark,,Ellen Winther,1962,Danish,2,10
Sol och vår,Sweden,,Inger Berggren,1962,Swedish,4,7
Zwei kleine Italiener,Germany,,Conny Froboess,1962,German,9,6
Katinka,Netherlands,,De Spelbrekers,1962,Dutch,0,13
Un premier amour,France,,Isabelle Aubret,1962,French,26,1
"Kom sol, kom regn",Norway,,Inger Jacobsen,1962,Norwegian,2,10
Le retour,Switzerland,,Jean Philippe,1962,French,2,10
Ne pali svetla u sumrak (Не пали светла у сумрак),Yugoslavia,,Lola Novaković,1962,Serbian,10,4
Ring-A-Ding Girl,United Kingdom,,Ronnie Carroll,1962,English,10,4
Petit bonhomme,Luxembourg,,Camillo Felgen,1962,French,11,3
"Addio, addio",Italy,,Claudio Villa,1962,Italian,3,9
Dis rien,Monaco,,François Deguelt,1962,French,13,2
Say Wonderful Things,United Kingdom,,Ronnie Carroll,1963,English,28,4
Een speeldoos,Netherlands,,Annie Palmen,1963,Dutch,0,13
Marcel,Germany,,Heidi Brühl,1963,German,5,9
Vielleicht geschieht ein Wunder,Austria,,Carmela Corren,1963,"German, English",16,7
Solhverv,Norway,,Anita Thallaug,1963,Norwegian,0,13
Uno per tutte,Italy,,Emilio Pericoli,1963,Italian,37,3
Muistojeni laulu,Finland,,Laila Halme,1963,Finnish,0,13
Dansevise,Denmark,,Grethe & Jørgen Ingmann,1963,Danish,42,1
Brodovi,Yugoslavia,,Vice Vukov,1963,Croatian,3,11
T'en va pas,Switzerland,,Esther Ofarim,1963,French,40,2
Elle était si jolie,France,7CvxBFRY5ta6miD7BOXJsO,Alain Barrière,1963,French,25,5
Algo prodigioso,Spain,08lZvHPOvP3MsGpxZlZ9Up,José Guardiola,1963,Spanish,2,12
En gång i Stockholm,Sweden,,Monica Zetterlund,1963,Swedish,0,13
Waarom?,Belgium,,Jacques Raymond,1963,Dutch,4,10
L'amour s'en va,Monaco,4zkPLZl3qU66dfO0SMDUEX,Françoise Hardy,1963,French,25,5
À force de prier,Luxembourg,64bELLIV0KAN27wP7hPBSF,Nana Mouskouri,1963,French,13,8
Dès que le printemps revient,Luxembourg,0LPXnHXAqvQb87ev9kg4YM,Hugues Aufray,1964,French,14,4
Jij bent mijn leven,Netherlands,,Anneke Grönloh,1964,Dutch,2,10
Spiral,Norway,1g65SWNmTGmSkOMgHB9hGD,Arne Bendiksen,1964,Norwegian,6,8
Sangen om dig,Denmark,6lCkVHbcAtUgkB96mF3zl3,Bjørn Tidmand,1964,Danish,4,9
Laiskotellen,Finland,7Mbx5x3V8NNFloKUlPyFVv,Lasse Mårtenson,1964,Finnish,9,7
"Warum nur, warum?",Austria,62VgTbntUM3wYkn0wzJTkP,Udo Jürgens,1964,German,11,6
Le chant de Mallory,France,,Rachel,1964,French,14,4
I Love the Little Things,United Kingdom,,Matt Monro,1964,English,17,2
Man gewöhnt sich so schnell an das Schöne,Germany,,Nora Nova,1964,German,0,13
Où sont-elles passées,Monaco,,Romuald,1964,French,15,3
Oração,Portugal,5jtAiAnbq7VYoGOuEyD6ZM,António Calvário,1964,Portuguese,0,13
Non ho l'età,Italy,65715T2yQVD0uPDRcrODGk,Gigliola Cinquetti,1964,Italian,49,1
Život je sklopio krug,Yugoslavia,,Sabahudin Kurt,1964,Bosnian,0,13
I miei pensieri,Switzerland,,Anita Traversi,1964,Italian,0,13
Près de ma rivière,Belgium,,Robert Cogoi,1964,French,2,10
Caracola,Spain,,Los TNT,1964,Spanish,1,12
't Is genoeg,Netherlands,,Conny van den Bos,1965,Dutch,5,11
I Belong,United Kingdom,,Kathy Kirby,1965,English,26,2
"¡Qué bueno, qué bueno!",Spain,0rwqdxTgYg5SfbWtMNj6wZ,Conchita Bautista,1965,Spanish,0,15
Walking the Streets in the Rain,Ireland,5EkZqJSOOKccA8mNZ2tD4w,Butch Moore,1965,English,11,6
"Paradies, wo bist du?",Germany,,Ulla Wiesner,1965,German,0,15
"Sag ihr, ich lass sie grüßen",Austria,3MngLAYlUdqpGxkUe6BrEe,Udo Jürgens,1965,German,16,4
Karusell,Norway,20XUJu6LqjZsDBpmOmC7fY,Kirsti Sparboe,1965,Norwegian,1,13
Als het weer lente is,Belgium,,Lize Marke,1965,Dutch,0,15
Va dire à l'amour,Monaco,,Marjorie Noël,1965,French,7,9
Absent Friend,Sweden,,Ingvar Wixell,1965,English,6,10
N'avoue jamais,France,1vPCbI7QPZtU6T42uaeP8w,Guy Mardel,1965,French,22,3
Sol de inverno,Portugal,6EliXar0nNAghkYEIyd6bh,Simone de Oliveira,1965,Portuguese,1,13
"Se piangi, se ridi",Italy,,Bobby Solo,1965,Italian,15,5
For din skyld,Denmark,,Birgit Brüel,1965,Danish,10,7
"Poupée de cire, poupée de son",Luxembourg,60SHikfyGM9F4smuQ2iIye,France Gall,1965,French,32,1
Aurinko laskee länteen,Finland,5XOlicvifsYZXaMuJJBv7Q,Viktor Klimenko,1965,Finnish,0,15
Čežnja,Yugoslavia,7pzZPTU77yAAATgdSBd5SB,Vice Vukov,1965,Croatian,2,12
"Non, à jamais sans toi",Switzerland,2eklJtgkMIjgqLZwaouyq1,Yovanna,1965,French,8,8
Die Zeiger der Uhr,Germany,,Margot Eskens,1966,German,7,10
Stop – mens legen er go',Denmark,6WVfVG7qkYO8rWxFB4mBSA,Ulla Pia,1966,Danish,4,14
"Un peu de poivre, un peu de sel",Belgium,,Tonia,1966,French,14,4
Ce soir je t'attendais,Luxembourg,,Michèle Torr,1966,French,7,10
Brez besed,Yugoslavia,3OZqPWY86jhuv6DV5TV0kK,Berta Ambrož,1966,Slovene,9,7
Intet er nytt under solen,Norway,,Åse Kleveland,1966,Norwegian,15,3
Playboy,Finland,3ZAzLeubF8B7AODnehQ7zr,Ann Christine,1966,Finnish,7,10
Ele e ela,Portugal,,Madalena Iglésias,1966,Portuguese,6,13
"Merci, Chérie",Austria,1KHSnWFJ5a988kM1Kz2daX,Udo Jürgens,1966,German1,31,1
Nygammal vals,Sweden,,Lill Lindfors & Svante Thuresson,1966,Swedish,16,2
Yo soy aquél,Spain,6b3ub116kE1T15h1yzaiTy,Raphael,1966,Spanish,9,7
Ne vois-tu pas?,Switzerland,,Madeleine Pascal,1966,French,12,6
Bien plus fort,Monaco,,Téréza,1966,French,0,17
"Dio, come ti amo",Italy,0diGNl2yCkd8NQKX0AzDkt,Domenico Modugno,1966,Italian,0,17
Chez nous,France,,Dominique Walter,1966,French,1,16
Fernando en Filippo,Netherlands,3AmVKvtAS3OImFeqvVGuyB,Milly Scott,1966,Dutch,2,15
Come Back to Stay,Ireland,1KC4JdbHXoeQ8QcNvn20fj,Dickie Rock,1966,English,14,4
A Man Without Love,United Kingdom,,Kenneth McKellar,1966,English,8,9
Ring-dinge-ding,Netherlands,,Thérèse Steinmetz,1967,Dutch,2,14
L'amour est bleu,Luxembourg,,Vicky Leandros,1967,French,17,4
Warum es hunderttausend Sterne gibt,Austria,,Peter Horton,1967,German,2,14
Il doit faire beau là-bas,France,,Noëlle Cordier,1967,French,20,3
O vento mudou,Portugal,,Eduardo Nascimento,1967,Portuguese,3,12
Quel cœur vas-tu briser?,Switzerland,,Géraldine,1967,French,0,17
Som en dröm,Sweden,,Östen Warnerbring,1967,Swedish,7,8
Varjoon – suojaan,Finland,1lks6l4gJKtNZHpDd6rDB4,Fredi,1967,Finnish,3,12
Anouschka,Germany,,Inge Brück,1967,German,7,8
Ik heb zorgen,Belgium,,Louis Neefs,1967,Dutch,8,7
Puppet on a String,United Kingdom,,Sandie Shaw,1967,English,47,1
Hablemos del amor,Spain,1uG9IM78KZTIEBzcWEd2E8,Raphael,1967,Spanish,9,6
Dukkemann,Norway,6U2birUTzSLbWAf5vL4EpG,Kirsti Sparboe,1967,Norwegian,2,14
Boum-Badaboum,Monaco,,Minouche Barelli,1967,French,10,5
Vse rože sveta,Yugoslavia,5T9gnM2nUHKTwu4PFNdB2n,Lado Leskovar,1967,Slovene,7,8
Non andare più lontano,Italy,,Claudio Villa,1967,Italian,4,11
If I Could Choose,Ireland,6csPs5g5gUraKCMlf8y9LB,Sean Dunphy,1967,English,22,2
Verão,Portugal,,Carlos Mendes,1968,Portuguese,5,11
Morgen,Netherlands,6NqsonGA4xWZ1PxiLeEG2S,Ronnie Tober,1968,Dutch,1,16
Quand tu reviendras,Belgium,,Claude Lombard,1968,French,8,7
Tausend Fenster,Austria,3kYxWCJKXq45u9hg6DtVlH,Karel Gott,1968,German,2,13
Nous vivrons d'amour,Luxembourg,,Chris Baldo & Sophie Garel,1968,French,5,11
Guardando il sole,Switzerland,,Gianni Mascolo,1968,Italian,2,13
À chacun sa chanson,Monaco,,Line & Willy,1968,French,8,7
"Det börjar verka kärlek, banne mej",Sweden,1qnzSLvl5qWPIgpaRnLGxl,Claes-Göran Hederström,1968,Swedish,15,5
Kun kello käy,Finland,3SmWcVeUWgambmn321IXac,Kristina Hautala,1968,Finnish,1,16
La source,France,0kTttA8getB88L8OJJINHa,Isabelle Aubret,1968,French,20,3
Marianne,Italy,0DmzqpZTonpkjszFAIQCiN,Sergio Endrigo,1968,Italian,7,10
Congratulations,United Kingdom,0el6dTZghGrzcBMbdhXALO,Cliff Richard,1968,English,28,2
Stress,Norway,4ReH9EkiNLuWQl2PwljTIx,Odd Børre,1968,Norwegian,2,13
Chance of a Lifetime,Ireland,,Pat McGuigan,1968,English,18,4
"La, la, la",Spain,1ApXNkjfjxkSDoezO8Kh8g,Massiel,1968,Spanish,29,1
Ein Hoch der Liebe,Germany,,Wenche Myhre,1968,German,11,6
Jedan dan,Yugoslavia,164cluZZgI6a0uwbgDjelY,Dubrovački trubaduri,1968,Croatian,8,7
Pozdrav svijetu,Yugoslavia,,Ivan & 4M,1969,Croatian,5,13
Catherine,Luxembourg,,Romuald,1969,French,7,11
Vivo cantando,Spain,059G9tpE3kl6wz3kiddaN0,Salomé,1969,Spanish,18,1
"Maman, Maman",Monaco,,Jean Jacques,1969,French,11,6
The Wages of Love,Ireland,,Muriel Day & The Lindsays,1969,English,10,7
Due grosse lacrime bianche,Italy,,Iva Zanicchi,1969,Italian,5,13
Boom Bang-a-Bang,United Kingdom,2grqeM6FaeDGmH1MUiW3kf,Lulu,1969,English,18,1
De troubadour,Netherlands,2ult3HJ9JaycnUd4ys0fIh,Lenny Kuhr,1969,Dutch,18,1
"Judy, min vän",Sweden,,Tommy Körberg,1969,Swedish,8,9
Jennifer Jennings,Belgium,,Louis Neefs,1969,Dutch,10,7
"Bonjour, Bonjour",Switzerland,,Paola Del Medico,1969,German,13,5
"Oj, oj, oj, så glad jeg skal bli",Norway,0eJQO8qpqnsqlXOAx9lK9q,Kirsti Sparboe,1969,Norwegian,1,16
Primaballerina,Germany,0bNIyEAnNOduJaLmBIeP0V,Siw Malmkvist,1969,German,8,9
"Un jour, un enfant",France,4IqC3WWUMMbLZYWzvsMMsC,Frida Boccara,1969,French,18,1
Desfolhada portuguesa,Portugal,0hk80kkwoIHqzhthFEhzag,Simone de Oliveira,1969,Portuguese,4,15
Kuin silloin ennen,Finland,,Jarkko & Laura,1969,Finnish,6,12
Waterman,Netherlands,,Hearts of Soul,1970,Dutch,7,7
Retour,Switzerland,,Henri Dès,1970,French,8,4
Occhi di ragazza,Italy,5U8kiKn0yGDttwymtUy5LB,Gianni Morandi,1970,Italian,5,8
"Pridi, dala ti bom cvet",Yugoslavia,7a2a4ugMfOrJW5XUAFtzmD,Eva Sršen,1970,Slovene,4,11
Viens l'oublier,Belgium,,Jean Vallée,1970,French,5,8
Marie-Blanche,France,,Guy Bonnet,1970,French,8,4
"Knock, Knock Who's There?",United Kingdom,,Mary Hopkin,1970,English,26,2
Je suis tombé du ciel,Luxembourg,,David Alexandre Winter,1970,French,0,12
Gwendolyne,Spain,7B4uAyj4X3qs8YXdV4wwhS,Julio Iglesias,1970,Spanish,8,4
Marlène,Monaco,,Dominique Dussault,1970,French,5,8
Wunder gibt es immer wieder,Germany,,Katja Ebstein,1970,German,12,3
All Kinds of Everything,Ireland,3SJPRPwpF0MTFKPrshBeKM,Dana,1970,English,32,1
Musik,Austria,,Marianne Mendt,1971,Viennese,66,16
Marija l-Maltija,Malta,3vO7n5l3c0Wa1ycc7DIgtT,Joe Grech,1971,Maltese,52,18
"Un banc, un arbre, une rue",Monaco,15mVQWoiwjwXrs5LBybM0A,Séverine,1971,French,128,1
Les illusions de nos vingt ans,Switzerland,,"Peter, Sue and Marc",1971,French,78,12
Diese Welt,Germany,,Katja Ebstein,1971,German,100,3
En un mundo nuevo,Spain,06rXvlSJzkIYECQTceHZag,Karina,1971,Spanish,116,2
Un jardin sur la terre,France,,Serge Lama,1971,French,82,10
"Pomme, pomme, pomme",Luxembourg,,Monique Melsen,1971,French,70,13
Jack In The Box,United Kingdom,,Clodagh Rodgers,1971,English,98,4
"Goeiemorgen, morgen",Belgium,,Lily Castel & Jacques Raymond,1971,Dutch,68,14
L'amore è un attimo,Italy,1YfqKyhFhQMsJnnOAJ08oS,Massimo Ranieri,1971,Italian,91,5
Vita vidder,Sweden,42a19UrSosfbz6goMbqsch,Family Four,1971,Swedish,85,6
One Day Love,Ireland,,Angela Farrell,1971,English,79,11
Tijd,Netherlands,,Saskia & Serge,1971,Dutch,85,6
Menina do alto da serra,Portugal,,Tonicha,1971,Portuguese,83,9
Tvoj dječak je tužan,Yugoslavia,,Krunoslav Slabinac,1971,Croatian,68,14
Tie uuteen päivään,Finland,,Markku Aro & Koivistolaiset,1971,Finnish,84,8
Lykken er,Norway,4WSKAhnINIHW5TCS9hdxZd,Hanne Krogh,1971,Norwegian,65,17
Nur die Liebe läßt uns leben,Germany,3g2JgkeNR1csWkiYxMjnDs,Mary Roos,1972,German,107,3
Comé-comédie,France,0muoMzCAxmXvji3PYzgEIb,Betty Mars,1972,French,81,11
Ceol an Ghrá,Ireland,,Sandie Jones,1972,Irish,72,15
Amanece,Spain,1F2jjX4W3mLOMwhBQXZFic,Jaime Morey,1972,Spanish,83,10
"Beg, Steal or Borrow",United Kingdom,3goNGcLC3U3QCiq50RvRLO,The New Seekers,1972,English,114,2
Småting,Norway,,Grethe Kausland & Benny Borg,1972,Norwegian,73,14
A festa da vida,Portugal,,Carlos Mendes,1972,Portuguese,90,7
C'est la chanson de mon amour,Switzerland,,Véronique Müller,1972,French,88,8
L-imħabba,Malta,,Helen and Joseph,1972,Maltese,48,18
Muistathan,Finland,,Päivi Paunu & Kim Floor,1972,Finnish,78,12
Falter im Wind,Austria,,Milestones,1972,German,100,5
I giorni dell'arcobaleno,Italy,5ICnQ0JqmUssyqWGwXT90N,Nicola di Bari,1972,Italian,92,6
Muzika i ti,Yugoslavia,7uCmv97f8KUrWPbAyMJ0Yb,Tereza Kesovija,1972,Serbo-Croatian,87,9
Härliga sommardag,Sweden,2xP527eRRBFYqxiHL6DZk1,Family Four,1972,Swedish,75,13
Comme on s'aime,Monaco,,Anne-Marie Godart & Peter MacLane,1972,French,65,16
À la folie ou pas du tout,Belgium,,Serge & Christine Ghisoland,1972,French,55,17
Après toi,Luxembourg,5Qhnqd15fOFzVhidzeveRY,Vicky Leandros,1972,French,128,1
Als het om de liefde gaat,Netherlands,,Sandra & Andres,1972,Dutch,106,4
Tom Tom Tom,Finland,,Marion Rung,1973,English,93,6
"Baby, Baby",Belgium,,Nicole & Hugo,1973,Dutch1,58,17
Tourada,Portugal,,Fernando Tordo,1973,Portuguese,80,10
Junger Tag,Germany,,Gitte,1973,German,85,8
It's Just A Game,Norway,,Bendik Singers,1973,"English, French2",89,7
Un train qui part,Monaco,,Marie,1973,French,85,8
Eres tú,Spain,7bA0d6jzxTTWIBE8o7n41k,Mocedades,1973,Spanish,125,2
"Je vais me marier, Marie",Switzerland,70OG3OXk3bODnGvTR8CBru,Patrick Juvet,1973,French,79,12
Gori vatra,Yugoslavia,2lL4VAuexiuvDvTMgSqa6O,Zdravko Čolić,1973,Serbo-Croatian,65,15
Chi sarà con te,Italy,5yyEIHirG13Ya2rcBvIpC5,Massimo Ranieri,1973,Italian,74,13
Tu te reconnaîtras,Luxembourg,0PBce2YBQzmFuxwUAIoD2E,Anne-Marie David,1973,French,129,1
You're Summer,Sweden,,Nova & The Dolls,1973,English,94,5
De oude muzikant,Netherlands,2pjsvouzuDSSNIReXHBfjV,Ben Cramer,1973,Dutch,69,14
Do I Dream,Ireland,,Maxi,1973,English,80,10
Power to All Our Friends,United Kingdom,56sTyNDcwz9qjuOnf0VAfG,Cliff Richard,1973,English,123,3
Sans toi,France,,Martine Clémenceau,1973,French,65,15
Ey Sham (אי שם),Israel,,Ilanit,1973,Hebrew,97,4
Keep Me Warm,Finland,,Carita,1974,English,4,13
Long Live Love,United Kingdom,,Olivia Newton-John,1974,English,14,4
Canta y sé feliz,Spain,4xuQ7KieQmHXiYdh965WQR,Peret,1974,Spanish,10,9
The First Day of Love,Norway,,Anne-Karine Strøm feat. Bendik Singers,1974,English,3,14
"Krasi, thalassa ke t' agori mou
(Κρασί, θάλασσα και τ' αγόρι μου)",Greece,,Marinella,1974,Greek,7,11
Natati La Khayay (נתתי לה חיי),Israel,,Kaveret,1974,Hebrew,11,7
Generacija '42 (Генерација '42),Yugoslavia,,Korni Grupa,1974,Serbian,6,12
Waterloo,Sweden,0RzhMHIsFMbOGh0oWDvNNK,ABBA,1974,English,24,1
Bye Bye I Love You,Luxembourg,,Ireen Sheer,1974,Frencha,14,4
Celui qui reste et celui qui s'en va,Monaco,,Romuald,1974,French,14,4
Fleur de liberté,Belgium,,Jacques Hustin,1974,French,10,9
I See a Star,Netherlands,3SmDP7wT0J7NTHtzB896PD,Mouth & MacNeal,1974,English,15,3
Cross Your Heart,Ireland,,Tina Reynolds,1974,English,11,7
Die Sommermelodie,Germany,,Cindy & Bert,1974,German,3,14
Mein Ruf nach dir,Switzerland,,Piera Martell,1974,German,3,14
E depois do adeus,Portugal,6ThJAONKSkyQxnfLmmtpIh,Paulo de Carvalho,1974,Portuguese,3,14
Sì,Italy,0o5DskTKoFx1Pxu5A1HZCO,Gigliola Cinquetti,1974,Italian,18,2
Ding-a-dong,Netherlands,,Teach-In,1975,English,152,1
That's What Friends Are For,Ireland,,The Swarbriggs,1975,English,68,9
Et bonjour à toi l'artiste,France,5eGnVU7C3mRbXMergmSz9Q,Nicole Rieu,1975,French,91,4
Ein Lied kann eine Brücke sein,Germany,,Joy Fleming,1975,"German, English",15,17
Toi,Luxembourg,,Geraldine,1975,French,84,5
Touch My Life (With Summer),Norway,,Ellen Nikolaysen,1975,English,11,18
Mikado,Switzerland,,Simone Drexel,1975,German,77,6
Dan ljubezni,Yugoslavia,2wfkkb00LklyYNv4v3PcVA,Pepel in kri,1975,Slovene,22,13
Let Me Be The One,United Kingdom,6gZvvkOUTl33NDsbi3lzKr,The Shadows,1975,English,138,2
Singing This Song,Malta,,Renato,1975,English,32,12
Gelukkig zijn,Belgium,,Ann Christy,1975,"Dutch, English",17,15
At Va'Ani (את ואני),Israel,,Shlomo Artzi,1975,Hebrew,40,11
Seninle Bir Dakika,Turkey,371nNwFetX7GVB7Po7Z1nu,Semiha Yankı,1975,Turkish,3,19
Une chanson c'est une lettre,Monaco,,Sophie,1975,French,22,13
Old Man Fiddle,Finland,,Pihasoittajat,1975,English,74,7
Madrugada,Portugal,,Duarte Mendes,1975,Portuguese,16,16
Tú volverás,Spain,,Sergio & Estíbaliz,1975,Spanish,53,10
"Jennie, Jennie",Sweden,,Lasse Berghagen,1975,English,72,8
Era,Italy,,Wess & Dori Ghezzi,1975,Italian,115,3
Save Your Kisses for Me,United Kingdom,0E19RAvUkhjMM0rdICkidE,Brotherhood of Man,1976,English,164,1
"Djambo, Djambo",Switzerland,,"Peter, Sue and Marc",1976,English,91,4
Sing Sang Song,Germany,,Les Humphries Singers,1976,German,12,15
Emor Shalom (אמור שלום),Israel,,"Chocolate, Menta, Mastik",1976,Hebrew,77,6
Chansons pour ceux qui s'aiment,Luxembourg,,Jürgen Marcus,1976,French,17,14
Judy et Cie,Belgium,13XrVZFql5uxT4o4OH3MV4,Pierre Rapsat,1976,French,68,8
When,Ireland,64hOFuQDpsp9kWchFpOAmi,Red Hurley,1976,English,54,10
The Party's Over,Netherlands,,Sandra Reemer,1976,English,56,9
Mata Hari,Norway,,Anne-Karine Strøm,1976,English,7,18
"Panagia mou, Panagia mou
(Παναγιά μου, Παναγιά μου)",Greece,,Mariza Koch,1976,Greek,20,13
Pump-Pump,Finland,,Fredi & Ystävät,1976,English,44,11
Sobran las palabras,Spain,1QOgYW9oq5r6evWA2A4s6a,Braulio,1976,Spanish,11,16
We'll Live It All Again,Italy,,Al Bano & Romina Power,1976,"English, Italian",69,7
My Little World,Austria,,Waterloo & Robinson,1976,English,80,5
Uma flor de verde pinho,Portugal,,Carlos do Carmo,1976,Portuguese,24,12
"Toi, la musique et moi",Monaco,,Mary Christy,1976,French,93,3
"Un, deux, trois",France,,Catherine Ferry,1976,French,147,2
Ne mogu skriti svoju bol,Yugoslavia,,Ambasadori,1976,Bosnian,10,17
It's Nice to Be in Love Again,Ireland,,The Swarbriggs Plus Two,1977,English,119,3
Une petite française,Monaco,09XvoHQkZkzNnAAUeUmfD8,Michèle Torr,1977,French,96,4
De mallemolen,Netherlands,,Heddy Lester,1977,Dutch,35,12
Boom Boom Boomerang,Austria,,Schmetterlinge,1977,Germana,11,17
Casanova,Norway,,Anita Skorgan,1977,Norwegian,18,14
Telegram,Germany,4HBsgS38VpcA6wKhY0N2T5,Silver Convention,1977,English,55,8
Frère Jacques,Luxembourg,,Anne-Marie B,1977,French,17,16
Portugal no coração,Portugal,,Os Amigos,1977,Portuguese,18,14
Rock Bottom,United Kingdom,,Lynsey de Paul & Mike Moran,1977,English,121,2
Mathima solfege (Μάθημα σολφέζ),Greece,,"Paschalis, Marianna, Robert & Bessy",1977,Greek,92,5
"Ahava Hi Shir Lishnayim
(אהבה היא שיר לשניים)",Israel,,Ilanit,1977,Hebrew,49,11
Swiss Lady,Switzerland,,Pepe Lienhard Band,1977,German,71,6
Beatles,Sweden,5YEnlogXsIbczQ9tMyU2Hf,Forbes,1977,Swedish,2,18
Enséñame a cantar,Spain,6zT8SxeBSGZlMgQM8VvgYZ,Micky,1977,Spanish,52,9
Libera,Italy,12gZfYCQvfXAcFxrGzZ05b,Mia Martini,1977,Italian,33,13
Lapponia,Finland,131CXFc3np7WHcdQnyHDi6,Monica Aspelund,1977,Finnish,50,10
"A Million in One, Two, Three",Belgium,,Dream Express,1977,English,69,7
L'oiseau et l'enfant,France,7Hy0CZtFcREucLDXB5jp6m,Marie Myriam,1977,French,136,1
Born to Sing,Ireland,,Colm C. T. Wilkinson,1978,English,86,5
Mil etter mil,Norway,2tbNnbDM8vcGxlPqzyQHNj,Jahn Teigen,1978,Norwegian,0,20
Questo amore,Italy,,Ricchi e Poveri,1978,Italian,53,12
Anna rakkaudelle tilaisuus,Finland,6sC95DOH4NWj6c22bTZf3C,Seija Simola,1978,Finnish,2,18
Dai li dou,Portugal,,Gemini,1978,Portuguese,5,17
Il y aura toujours des violons,France,,Joël Prévost,1978,French,119,3
Bailemos un vals,Spain,,José Vélez,1978,Spanisha,65,9
The Bad Old Days,United Kingdom,,Co-Co,1978,English,61,11
Vivre,Switzerland,,Carole Vinci,1978,French,65,9
L'amour ça fait chanter la vie,Belgium,,Jean Vallée,1978,French,125,2
't Is OK,Netherlands,2y5sjCY1qMqCRmWkx5EinU,Harmony,1978,Dutch,37,13
Sevince,Turkey,,Nilüfer & Nazar,1978,Turkish,2,18
Feuer,Germany,,Ireen Sheer,1978,German,84,6
Les jardins de Monaco,Monaco,,Caline & Olivier Toussaint,1978,French,107,4
Charlie Chaplin (Τσάρλυ Τσάπλιν),Greece,,Tania Tsanaklidou,1978,Greek,66,8
Boom Boom,Denmark,,Mabel,1978,Danish,13,16
Parlez-vous français?,Luxembourg,5Jdagapk8O0PE29Y06uwu3,Baccara,1978,French,73,7
A-Ba-Ni-Bi (א-ב-ני-בי),Israel,,Izhar Cohen & the Alphabeta,1978,Hebrew,157,1
Mrs. Caroline Robinson,Austria,,Springtime,1978,Germanb,14,15
Det blir alltid värre framåt natten,Sweden,62JiaUfaO3wA1iIvS2MYa8,Björn Skifs,1978,Swedish,26,14
"Sobe, sobe, balão sobe",Portugal,,Manuela Bravo,1979,Portuguese,64,9
Raggio di luna,Italy,5yYiMOBbELxRXt7c0bSCur,Matia Bazar,1979,Italian,27,15
Disco Tango,Denmark,4s9wyMSa8MSzGbfL4kffkV,Tommy Seebach,1979,Danish,76,6
Happy Man,Ireland,,Cathal Dunne,1979,English,80,5
Katson sineen taivaan,Finland,3pSCzltWC0g9MzFczvgX56,Katri Helena,1979,Finnish,38,14
Notre vie c'est la musique,Monaco,,Laurent Vaguener,1979,French,12,16
Sokrati (Σωκράτη),Greece,,Elpida,1979,Greek,69,8
Trödler und Co,Switzerland,,"Peter, Sue, Marc, Pfuri, Gorps and Kniri",1979,German,60,10
Dschinghis Khan,Germany,6FDhwn2l1c9xanGyUUKEW0,Dschinghis Khan,1979,German,86,4
Hallelujah (הללויה),Israel,,Gali Atari and Milk and Honey,1979,Hebrew,125,1
Je suis l'enfant soleil,France,0DmO7vmzpWybDWJ51mIPFZ,Anne-Marie David,1979,French,106,3
Hey Nana,Belgium,,Micha Marah,1979,Dutch,5,18
J'ai déjà vu ça dans tes yeux,Luxembourg,,Jeane Manson,1979,French,44,13
Colorado,Netherlands,,Xandra,1979,Dutch,51,12
Satellit,Sweden,,Ted Gärdestad,1979,Swedish,8,17
Oliver,Norway,,Anita Skorgan,1979,Norwegian,57,11
Mary Ann,United Kingdom,,Black Lace,1979,English,73,7
Heute in Jerusalem,Austria,,Christina Simon,1979,German,5,18
Su canción,Spain,2Be86Izdocyz5jLhrQd09k,Betty Missiego,1979,Spanish,116,2
Du bist Musik,Austria,,Blue Danube,1980,German,64,8
Pet'r Oil,Turkey,1Rz8ryyjIkIMeyzye8V1Fa,Ajda Pekkan,1980,Turkish,23,15
Autostop (Ωτοστόπ),Greece,,Anna Vissi and the Epikouri,1980,Greek,30,13
Papa pingouin,Luxembourg,,Sophie & Magaly,1980,French,56,9
Bitaqat Hub (بطاقة حب),Morocco,,Samira Bensaïd,1980,Arabic,7,18
Non so che darei,Italy,0EOdowktdF7kczBbqstCfF,Alan Sorrenti,1980,Italian,87,6
Tænker altid på dig,Denmark,,Bamses Venner,1980,Danish,25,14
Just nu!,Sweden,,Tomas Ledin,1980,Swedish,47,10
Cinéma,Switzerland,,Paola,1980,French,104,4
Huilumies,Finland,0c9J663CeaQWbffD7umWtj,Vesa-Matti Loiri,1980,Finnish,6,19
Sámiid ædnana,Norway,,Sverre Kjelsberg & Mattis Hætta,1980,Norwegian,15,16
Theater,Germany,,Katja Ebstein,1980,German,128,2
Love Enough for Two,United Kingdom,,Prima Donna,1980,English,106,3
"Um grande, grande amor",Portugal,2msgWbc4Q9sY7esGISFiWx,José Cid,1980,Portuguese,71,7
Amsterdam,Netherlands,57a7RnAVNp4WEGiNxhr43b,Maggie MacNeal,1980,Dutch,93,5
"Hé, hé, m'sieurs dames",France,,Profil,1980,French,45,11
What's Another Year,Ireland,3ta02cB4LPfhru6F9D4CjW,Johnny Logan,1980,English,143,1
Quédate esta noche,Spain,5hijfO71dmiQXCSRRMuJ3j,Trigo Limpio,1980,Spanish,38,12
Euro-Vision,Belgium,,Telex,1980,French,14,17
Wenn du da bist,Austria,,Marty Brem,1981,German,20,17
Dönme Dolap,Turkey,,Modern Folk Üçlüsü & Ayşegül,1981,Turkish,9,18
Johnny Blue,Germany,,Lena Valaitis,1981,German,132,2
C'est peut-être pas l'Amérique,Luxembourg,,Jean-Claude Pascal,1981,French,41,11
Halayla (הלילה),Israel,,Hakol Over Habibi,1981,Hebrew,56,7
Krøller eller ej,Denmark,,Tommy Seebach & Debbie Cameron,1981,Danish,41,11
Lejla,Yugoslavia,,"Seid Memić ""Vajta""",1981,Bosnian,35,15
Reggae OK,Finland,1imEEZtoDgs1m6eV8HXpn7,Riki Sorsa,1981,Finnish,27,16
Humanahum,France,,Jean Gabilou,1981,French,125,3
Y sólo tú,Spain,1d9NXqULwsBqqdUx4Nvnl4,Bacchelli,1981,Spanish,38,14
Het is een wonder,Netherlands,,Linda Williams,1981,Dutch,51,9
Horoscopes,Ireland,1dqKwHVYD0NFiHtBspL9bw,Sheeba,1981,English,105,5
Aldri i livet,Norway,3R2tk8Wa0L8cnm8dFHS3hh,Finn Kalvik,1981,Norwegian,0,20
Making Your Mind Up,United Kingdom,0Azn2vpP3Sbs8qAG8e1KUc,Bucks Fizz,1981,English,136,1
Playback,Portugal,5p6sOMJAAYK90DbEbKZhKT,Carlos Paião,1981,Portuguese,9,18
Samson,Belgium,,Emly Starr,1981,Dutch,40,13
Feggari kalokerino (Φεγγάρι καλοκαιρινό),Greece,,Yiannis Dimitras,1981,Greek,55,8
Monika (Μόνικα),Cyprus,,Island,1981,Greek,69,6
Io senza te,Switzerland,,"Peter, Sue and Marc",1981,Italian,121,4
Fångad i en dröm,Sweden,2N2mRcSRtluXtCBV8BxiGc,Björn Skifs,1981,Swedish,50,10
Bem bom,Portugal,,Doce,1982,Portuguese,32,13
Cours après le temps,Luxembourg,7M00nlcbnBfSJeo7tPrXux,Svetlana,1982,French,78,6
Adieu,Norway,,Jahn Teigen & Anita Skorgan,1982,Norwegian,40,12
One Step Further,United Kingdom,23MbJwSXJRfM8rwQ6RUdD5,Bardo,1982,English,76,7
Hani?,Turkey,7e8fcP4DXkMymwsHlNFDAk,Neco,1982,Turkish,20,15
Nuku pommiin,Finland,,Kojo,1982,Finnish,0,18
Amour on t'aime,Switzerland,,Arlette Zola,1982,French,97,3
Mono i agapi (Μόνο η αγάπη),Cyprus,,Anna Vissi,1982,Greek,85,5
Dag efter dag,Sweden,6lG65UH64cyVQhsmiV8Ht3,Chips,1982,Swedish,67,8
Sonntag,Austria,,Mess,1982,German,57,9
Si tu aimes ma musique,Belgium,,Stella,1982,French,96,4
Él,Spain,,Lucía,1982,Spanish,52,10
"Video, Video",Denmark,,Brixx,1982,Danish,5,17
"Halo, halo (Хало, хало)",Yugoslavia,,Aska,1982,Serbian,21,14
Hora (הורה),Israel,,Avi Toledano,1982,Hebrew,100,2
Jij en ik,Netherlands,,Bill van Dijk,1982,Dutch,8,16
Here Today Gone Tomorrow,Ireland,7nXYXmz1hLXHfyxJaqy4bd,The Duskeys,1982,English,49,11
Ein Bißchen Frieden,Germany,75G6zxISPyxlvJerKubyyx,Nicole,1982,German,161,1
Vivre,France,0IIVuDFTn6WtaIjaDVeGKC,Guy Bonnet,1983,French,56,8
Do Re Mi,Norway,1CN16UGl4UCzZPMHpHreBT,Jahn Teigen,1983,Norwegian,53,9
I'm Never Giving Up,United Kingdom,,Sweet Dreams,1983,English,79,6
Främling,Sweden,,Carola Häggkvist,1983,Swedish,126,3
Per Lucia,Italy,5ZeV96MrS8CdK6NvVhexmi,Riccardo Fogli,1983,Italian,41,11
Opera,Turkey,,Çetin Alp & the Short Waves,1983,Turkish,0,19
¿Quién maneja mi barca?,Spain,0TWaqxvioVlbLIa1mGIN1z,Remedios Amaya,1983,Spanish,0,19
Io così non ci sto,Switzerland,,Mariella Farré,1983,Italian,28,15
Fantasiaa,Finland,5H2rFo6GES9Egze9s01LQU,Ami Aspelund,1983,Finnish,41,11
Mou les (Μου λες),Greece,,Christie Stasinopoulou,1983,Greek,32,14
Sing Me a Song,Netherlands,,Bernadette,1983,Dutch,66,7
Džuli,Yugoslavia,,Daniel,1983,Serbo-Croatian,125,4
I agapi akoma zi (Η αγάπη ακόμα ζει),Cyprus,,Stavros & Constantina,1983,Greek,26,16
Rücksicht,Germany,,Hoffmann & Hoffmann,1983,German,94,5
Kloden drejer,Denmark,,Gry Johansen,1983,Danish,16,17
Hi (חי),Israel,,Ofra Haza,1983,Hebrew,136,2
Esta balada que te dou,Portugal,717ng7bkRhm36YIE8FLZdY,Armando Gama,1983,Portuguese,33,13
Hurricane,Austria,,Westend,1983,German,53,9
Rendez-vous,Belgium,,Pas de Deux,1983,Dutch,13,18
Si la vie est cadeau,Luxembourg,1EWdXm6nTbSfyV60znjCLF,Corinne Hermès,1983,French,142,1
Diggi-Loo Diggi-Ley,Sweden,,Herreys,1984,Swedish,145,1
100% d'amour,Luxembourg,,Sophie Carle,1984,French,39,10
Autant d'amoureux que d'étoiles,France,,Annick Thoumazeau,1984,French,61,8
"Lady, Lady",Spain,3K0rUw4z0khdNg4MiSIHB4,Bravo,1984,Spanish1,106,3
Lenge leve livet,Norway,2m9BngLZzITq9TDjbXdUYY,Dollie de Luxe,1984,Norwegian,29,17
Love Games,United Kingdom,,Belle and the Devotions,1984,English,63,7
Anna Maria Lena (Άννα Μαρία Λένα),Cyprus,,Andy Paul,1984,Greek,31,15
Avanti la vie,Belgium,2s0NUFo02OS4aOMBmjczQg,Jacques Zegers,1984,French2,70,5
Terminal 3,Ireland,7pr0CwFQ9aGjgWwCGt4R8K,Linda Martin,1984,English,137,2
Det' lige det,Denmark,,Hot Eyes,1984,Danish,101,4
Ik hou van jou,Netherlands,0dfm6cBzAv8Q7tKswPXUcZ,Maribelle,1984,Dutch,34,13
"Ciao, amore",Yugoslavia,,Vlado & Isolda,1984,Serbo-Croatian2,26,18
Einfach weg,Austria,,Anita,1984,German,5,19
Aufrecht geh'n,Germany,,Mary Roos,1984,German,34,13
Halay,Turkey,,"Beş Yıl Önce, On Yıl Sonra",1984,Turkish,37,12
Hengaillaan,Finland,2qubufXQHBLjCdn9piCnJc,Kirka,1984,Finnish,46,9
Welche Farbe hat der Sonnenschein?,Switzerland,,Rainy Day,1984,German,30,16
I treni di Tozeur,Italy,,Alice & Franco Battiato,1984,Italian3,70,5
Silêncio e tanta gente,Portugal,,Maria Guinot,1984,Portuguese,38,11
Wait Until the Weekend Comes,Ireland,,Maria Christian,1985,English,91,6
Eläköön elämä,Finland,6L5TW1KK9Ivupfy6E2PBZB,Sonja Lumme,1985,Finnish,58,9
To katalava arga (Το κατάλαβα αργά),Cyprus,,Lia Vissi,1985,Greek,15,16
Sku' du spørg' fra no'en?,Denmark,,Hot Eyes,1985,Danish,41,11
La fiesta terminó,Spain,5e4RkP8WDAiZHH0jeVBO3B,Paloma San Basilio,1985,Spanish,36,14
Femme dans ses rêves aussi,France,,Roger Bens,1985,French,56,10
Didai didai dai,Turkey,5nSz1ouWzlJW51ywcvcEWx,MFÖ,1985,Turkish,36,14
Laat me nu gaan,Belgium,,Linda Lepomme,1985,Dutch,7,19
"Penso em ti, eu sei",Portugal,,Adelaide,1985,Portuguese,9,18
Für alle,Germany,2ouDZVwdlXfrsVJV9j2WiW,Wind,1985,German,105,2
"Olé, Olé (עולה, עולה)",Israel,,Izhar Cohen,1985,Hebrew,93,5
Magic Oh Magic,Italy,,Al Bano & Romina Power,1985,Italian,78,7
La det swinge,Norway,,Bobbysocks!,1985,Norwegian,123,1
Love Is…,United Kingdom,,Vikki,1985,English,100,4
"Piano, piano",Switzerland,,Mariella Farré & Pino Gasparini,1985,German,39,12
Bra vibrationer,Sweden,0NOLQCkOO2wgEaUR5y1ahK,Kikki Danielsson,1985,Swedish,103,3
Kinder dieser Welt,Austria,4MeBZoCY7TBtMUj3TXOnwx,Gary Lux,1985,German,60,8
"Children, Kinder, Enfants",Luxembourg,,"Margo, Franck Olivier, Diane Solomon, Ireen Sheer, Chris & Malcolm Roberts",1985,French,37,13
Miazoume (Μοιάζουμε),Greece,,Takis Biniaris,1985,Greek,15,16
L'amour de ma vie,Luxembourg,,Sherisse Laurence,1986,French,117,3
Željo moja,Yugoslavia,4Snbcg4pZHX6xMi0gU5wU6,Doris Dragović,1986,Croatian,49,11
Européennes,France,,Cocktail Chic,1986,French,13,17
Romeo,Norway,0wMirDb2qbwhpxBZAoU4Ht,Ketil Stokkan,1986,Norwegian,44,12
Runner in the Night,United Kingdom,,Ryder,1986,English,72,7
Gleðibankinn,Iceland,5aUaYzFFAtOLL504lPfBQJ,ICY,1986,Icelandic,19,16
Alles heeft ritme,Netherlands,3RJ6NDZxwX8fFUMrEdlpW4,Frizzle Sizzle,1986,Dutch,40,13
Halley,Turkey,,Klips ve Onlar,1986,Turkish,53,9
Valentino,Spain,,Cadillac,1986,Spanish,51,10
Pas pour moi,Switzerland,,Daniela Simmons,1986,French,140,2
Yavo Yom (יבוא יום),Israel,,Moti Giladi & Sarai Tzuriel,1986,Hebrew,7,19
You Can Count On Me,Ireland,,Luv Bug,1986,English,96,4
J'aime la vie,Belgium,5opXus6JIe9UD94Qk24RYB,Sandra Kim,1986,French,176,1
Über die Brücke geh'n,Germany,5WqJIZWDsVfmMNwK2cYLzn,Ingrid Peters,1986,German,62,8
Tora zo (Τώρα ζω),Cyprus,,Elpida,1986,Greek,4,20
Die Zeit ist einsam,Austria,,Timna Brauer,1986,German,12,18
E' de' det här du kallar kärlek?,Sweden,,Lasse Holm & Monica Törnell,1986,Swedish,78,5
Du er fuld af løgn,Denmark,,Lise Haavik,1986,Danish,77,6
Never the End,Finland,,Kari Kuivalainen,1986,Finnish,22,15
Não sejas mau para mim,Portugal,,Dora,1986,Portuguese,28,14
Mitt liv,Norway,,Kate Gulbrandsen,1987,Norwegian,65,9
Shir Habatlanim (שיר הבטלנים),Israel,,Lazy Bums,1987,Hebrew,73,8
Nur noch Gefühl,Austria,,Gary Lux,1987,German,8,20
Hægt og hljótt,Iceland,3UGQDVQ1b6iPVBu6GuUY4z,Halla Margrét,1987,Icelandic,28,16
Soldiers of Love,Belgium,6s6kTSOh76tC2litBaxcCx,Liliane Saint-Pierre,1987,Dutch1,56,11
Boogaloo,Sweden,,Lotta Engberg,1987,Swedish,50,12
Gente di mare,Italy,,Umberto Tozzi & Raf,1987,Italian,103,3
Neste barco à vela,Portugal,,Nevada,1987,Portuguese,15,18
No estás solo,Spain,7iytRdbLcFtiL8ZvR9CMKK,Patricia Kraus,1987,Spanish,10,19
Şarkım Sevgi Üstüne,Turkey,,Seyyal Taner & Lokomotif,1987,Turkish,0,22
Stop (Στοπ),Greece,,Bang,1987,Greek,64,10
Rechtop in de wind,Netherlands,4rFhc427aocb0JIGGHeAO2,Marcha,1987,Dutch,83,5
"Amour, amour",Luxembourg,2jMRfPunU0n4t3MZkkmXL8,Plastic Bertrand,1987,French,4,21
Only the Light,United Kingdom,,Rikki,1987,English,47,13
Les mots d'amour n'ont pas de dimanche,France,,Christine Minier,1987,French,44,14
Lass die Sonne in dein Herz,Germany,1iHxN6pNaC8XJWQIwXO3Z2,Wind,1987,German,141,2
Aspro-mavro (Άσπρο-μαύρο),Cyprus,,Alexia,1987,Greek,80,7
Sata salamaa,Finland,,Vicky Rosti & Boulevard,1987,Finnish,32,15
En lille melodi,Denmark,,Anne-Cathrine Herdorf & Bandjo,1987,Danish,83,5
Hold Me Now,Ireland,482pOo6IOI0qNNHxkQFEDn,Johnny Logan,1987,English,172,1
Ja sam za ples,Yugoslavia,5DgmemtjCB3OHNDlJENgtu,Novi fosili,1987,Croatian,92,4
"Moitié, moitié",Switzerland,6Bp4G44gzQc5dlp6Y2PEx5,Carol Rich,1987,French,26,17
Avrei voluto,Italy,,Anna Oxa & Fausto Leali,1989,Italian,56,9
Derekh Hamelekh (דרך המלך),Israel,,Gili Netanel & Galit Burg-Michael,1989,Hebrew,50,12
The Real Me,Ireland,,Kiev Connolly & The Missing Passengers,1989,English,21,18
Blijf zoals je bent,Netherlands,,Justine Pelmelay,1989,Dutch,45,15
Bana Bana,Turkey,,Pan,1989,Turkish,5,21
Door de wind,Belgium,5eAOvEd5GqKdRTgNYsAAmW,Ingeborg,1989,Dutch,13,19
Why Do I Always Get it Wrong?,United Kingdom,,Live Report,1989,English,130,2
Venners nærhet,Norway,,Britt Synnøve Johansen,1989,Norwegian,30,17
Conquistador,Portugal,,Da Vinci,1989,Portuguese,39,16
En dag,Sweden,,Tommy Nilsson,1989,Swedish,110,4
Monsieur,Luxembourg,,Park Café,1989,French,8,20
Vi maler byen rød,Denmark,5R7qlPnCh9qVEtNaHIyPvh,Birthe Kjær,1989,Danish,111,3
Nur ein Lied,Austria,,Thomas Forstner,1989,German,97,5
La dolce vita,Finland,1oasHUAT1Bsd2BzCat6LfR,Anneli Saaristo,1989,Finnish,76,7
J'ai volé la vie,France,,Nathalie Pâque,1989,French,60,8
Nacida para amar,Spain,4HwxlORY1QAe12WtiglWt6,Nina,1989,Spanish,88,6
Apopse as vrethume (Απόψε ας βρεθούμε),Cyprus,,Fani Polymeri & Yiannis Savvidakis,1989,Greek,51,11
Viver senza tei,Switzerland,6y1hjHbuaVrbTIjm3Chb8T,Furbaz,1989,Romansh,47,13
To diko sou asteri (Το δικό σου αστέρι),Greece,,Marianna Efstratiou,1989,Greek,56,9
Það sem enginn sér,Iceland,4z2ZE06HJZKuhvCNcykGIJ,Daníel Ágúst Haraldsson,1989,Icelandic,0,22
Flieger,Germany,,Nino de Angelo,1989,German,46,14
Rock Me,Yugoslavia,2WXogQGOO7qo2hlHyzpwhg,Riva,1989,Serbo-Croatian,137,1
Bandido,Spain,2rHhKu1hW8uqyr7LSrRn8E,Azúcar Moreno,1990,Spanish,96,5
Horis skopo (Χωρίς σκοπό),Greece,,Christos Callow & Wave,1990,Greek,11,19
Macédomienne,Belgium,,Philippe Lafontaine,1990,French,46,12
Gözlerinin Hapsindeyim,Turkey,7B35SoCqYSOKiea23ZJ3QK,Kayahan,1990,Turkish,21,17
Ik wil alles met je delen,Netherlands,6u9bhny1eZmsW0gnDqNUO5,Maywood,1990,Dutch,25,15
Quand je te rêve,Luxembourg,,Céline Carzo,1990,French,38,13
Give a Little Love Back to the World,United Kingdom,,Emma,1990,English,87,6
Eitt lag enn,Iceland,60RuosVixhawXh4M3fDq5y,Stjórnin,1990,Icelandic,124,4
Brandenburger Tor,Norway,1XtViOz9diXCjk28gjMd1N,Ketil Stokkan,1990,Norwegian,8,21
Shara Barkhovot (שרה ברחובות),Israel,,Rita,1990,Hebrew,16,18
Hallo Hallo,Denmark,,Lonnie Devantier,1990,Danish,64,8
Musik klingt in die Welt hinaus,Switzerland,,Egon Egemann,1990,German,51,11
Frei zu leben,Germany,,Chris Kempers & Daniel Kovac,1990,German,60,9
White and Black Blues,France,,Joëlle Ursull,1990,French,132,2
Hajde da ludujemo,Yugoslavia,2jEBdBbgODqNlhpv4DlXlv,Tajči,1990,Croatian,81,7
Há sempre alguém,Portugal,,Nucha,1990,Portuguese,9,20
Somewhere in Europe,Ireland,4Jqlci3vs1lexDU8BfCaho,Liam Reilly,1990,English,132,2
Som en vind,Sweden,,Edin-Ådahl,1990,Swedish,24,16
Insieme: 1992,Italy,44noNMO0iv87Tds7dwcpQU,Toto Cutugno,1990,Italian,149,1
Keine Mauern mehr,Austria,,Simone,1990,German1,58,10
Milas poli (Μιλάς πολύ),Cyprus,,Haris Anastasiou,1990,Greek,36,14
Fri?,Finland,,Beat,1990,Swedish,8,21
Brazil (Бразил),Yugoslavia,,Baby Doll,1991,Serbian,1,21
Draumur um Nínu,Iceland,,Stefán & Eyfi,1991,Icelandic,26,15
Could It Be,Malta,,Georgina & Paul Giordimaina,1991,English,106,6
I anixi (Η άνοιξη),Greece,,Sophia Vossou,1991,Greek,36,13
Canzone per te,Switzerland,,Sandra Simó,1991,Italian,118,5
Venedig im Regen,Austria,,Thomas Forstner,1991,German,0,22
Un baiser volé,Luxembourg,,Sarah Bray,1991,French,29,14
Fångad av en stormvind,Sweden,4dPjQ3ERabLNwlNJUZ1cVL,Carola,1991,Swedish,146,1
C'est le dernier qui a parlé qui a raison,France,,Amina,1991,French,146,2
İki Dakika,Turkey,,"İzel Çeliköz, Reyhan Karaca & Can Uğurluer",1991,Turkish,44,12
Could It Be That I'm In Love,Ireland,,Kim Jackson,1991,English,47,10
Lusitana paixão,Portugal,,Dulce Pontes,1991,Portuguese,62,8
Lige der hvor hjertet slår,Denmark,03fKnIb01IC1rrU0PnPbDL,Anders Frandsen,1991,Danish,8,19
Mrs. Thompson,Norway,,Just 4 Fun,1991,Norwegian,14,17
Kan (כאן),Israel,,Duo Datz,1991,Hebrew,139,3
Hullu yö,Finland,03GeRqkn3tyBiMIK7Ut3Zd,Kaija Kärkinen,1991,Finnish,6,20
Dieser Traum darf niemals sterben,Germany,,Atlantis 2000,1991,German,10,18
Geef het op,Belgium,5fg5IGz0xl2WhsLTvkbJ1h,Clouseau,1991,Dutch,23,16
Bailar pegados,Spain,7glOpcmwz8zv2nbsLcvFrs,Sergio Dalma,1991,Spanish,119,4
A Message to Your Heart,United Kingdom,,Samantha Janus,1991,English,47,10
SOS,Cyprus,,Elena Patroklou,1991,Greek,60,9
Comme è ddoce 'o mare,Italy,,Peppino di Capri,1991,Neapolitan,89,7
Todo esto es la música,Spain,,Serafín,1992,Spanish,37,14
"Nous, on veut des violons",Belgium,,Morgane,1992,French,11,20
Ze Rak Sport (זה רק ספורט),Israel,,Dafna Dekel,1992,Hebrew,85,6
Yaz Bitti,Turkey,,Aylin Vatankoş,1992,Turkish,17,19
Olou tou kosmou i Elpida (Όλου του κόσμου η Ελπίδα),Greece,,Cleopatra,1992,Greek,94,5
Monté la riviè,France,1ZWKJ6qFytChbVlfyKnvnD,Kali,1992,"French, Antillean Creole",73,8
I morgon är en annan dag,Sweden,7DqyeESnaKCwDjgmA45UFZ,Christer Björkman,1992,Swedish,9,22
Amor d'água fresca,Portugal,,Dina,1992,Portuguese,26,17
Teriazoume (Ταιριάζουμε),Cyprus,,Evridiki,1992,Greek,57,11
Little Child,Malta,6jQ1TWGhShk7oMrvBOL173,Mary Spiteri,1992,English,123,3
Nei eða já,Iceland,3Q2U0VEqFtL5hnFmCigtiM,Heart 2 Heart,1992,Icelandic,80,7
"Yamma, yamma",Finland,,Pave Maijanen,1992,Finnish,4,23
Mister Music Man,Switzerland,,Daisy Auvray,1992,French,32,15
Sou fräi,Luxembourg,,Marion Welter & Kontinent,1992,Luxembourgish,10,21
Zusammen geh'n,Austria,,Tony Wegas,1992,German,63,10
One Step Out of Time,United Kingdom,4FoEAvxkTIvfaoiskyqFfO,Michael Ball,1992,English,139,2
Why Me?,Ireland,7pC7VExgeRZFCAD1pCy049,Linda Martin,1992,English,155,1
Alt det som ingen ser,Denmark,,Kenny Lübcke & Lotte Nilsson,1992,Danish,47,12
Rapsodia,Italy,,Mia Martini,1992,Italian,111,4
Ljubim te pesmama (Љубим те песмама),Yugoslavia,,Extra Nena,1992,Serbian,44,13
Visjoner,Norway,,Merethe Trøan,1992,Norwegian,23,18
Träume sind für alle da,Germany,6GOeCowfmp1PK72RoRmaWL,Wind,1992,German,27,16
Wijs me de weg,Netherlands,2hVNKv5797OsBC4PxnwZdz,Humphrey Campbell,1992,Dutch,67,9
Sole d'Europa,Italy,,Enrico Ruggeri,1993,Italian,45,12
Esmer Yarim,Turkey,5ZBKZN6h23M1LqFa0sKWzv,Burak Aydos,1993,Turkish,10,21
Viel zu weit,Germany,4KR49pzlifyec8b0HzIybv,Münchener Freiheit,1993,German,18,18
"Moi, tout simplement",Switzerland,,Annie Cotton,1993,French,148,3
Under stjernerne på himlen,Denmark,,Tommy Seebach Band,1993,Danish,9,22
"Ellada, hora tou fotos (Ελλάδα, χώρα του φωτός)",Greece,,Katerina Garbi,1993,Greek,64,9
Iemand als jij,Belgium,,Barbara Dex,1993,Dutch,3,25
This Time,Malta,2vNnY9vB5JIV4o5I8Edf04,William Mangion,1993,English,69,8
Þá veistu svarið,Iceland,5Ca1nvUuOrpW0XB3KBszAa,Inga,1993,Icelandic,42,13
Maria Magdalena,Austria,,Tony Wegas,1993,German,32,14
A cidade (até ser dia),Portugal,,Anabela,1993,Portuguese,60,10
Mama Corsica,France,,Patrick Fiori,1993,"French, Corsican",121,4
Eloise,Sweden,5Ws6u3a6SibPmJazXdEAHB,Arvingarna,1993,Swedish,89,7
In Your Eyes,Ireland,7LBBL20GLOtjBJwxgVmzPK,Niamh Kavanagh,1993,English,187,1
Donne-moi une chance,Luxembourg,,Modern Times,1993,"French, Luxembourgish",11,20
Tih deževen dan,Slovenia,,1X Band,1993,Slovene,9,22
Tule luo,Finland,4XWDwUC9rNLK8BA4uG5uz4,Katri Helena,1993,Finnish,20,17
Sva bol svijeta,Bosnia and Herzegovina,,Fazla,1993,Bosnian,27,16
Better the Devil You Know,United Kingdom,,Sonia,1993,English,164,2
Vrede,Netherlands,,Ruth Jacott,1993,Dutch,92,6
Don't Ever Cry,Croatia,0qbGlaru5Byq9mB8anuEK0,Put,1993,"Croatian, English",31,15
Hombres,Spain,,Eva Santamaría,1993,Spanish,58,11
Mi stamatas (Μη σταματάς),Cyprus,,Zimboulakis & Van Beke,1993,Greek,17,19
Shiru (שירו),Israel,,Lahakat Shiru,1993,"Hebrew, English",4,24
Alle mine tankar,Norway,5VTuKkNF4MRQg6VMIBLOBW,Silje Vige,1993,Norwegian,120,5
Stjärnorna,Sweden,,Marie Bergman & Roger Pontare,1994,Swedish,48,13
Bye Bye Baby,Finland,1o32LkfR9PBfJ09i0obApm,CatCat,1994,"Finnish, English",11,22
Rock 'n' Roll Kids,Ireland,,Paul Harrington & Charlie McGettigan,1994,English,226,1
Ime anthropos ki ego (Είμαι άνθρωπος κι εγώ),Cyprus,,Evridiki,1994,Greek,51,11
Nætur,Iceland,,Sigga,1994,Icelandic,49,12
We Will Be Free (Lonely Symphony),United Kingdom,,Frances Ruffelle,1994,English,63,10
Nek' ti bude ljubav sva,Croatia,2xoZhDH9wWgmrrByLv73qD,Tony Cetinski,1994,Croatian,27,16
Chamar a música,Portugal,,Sara Tavares,1994,Portuguese,73,8
Sto pregando,Switzerland,3mKwTK3Oz1vegk0Mi2vrdT,Duilio,1994,Italian,15,19
Nagu merelaine,Estonia,,Silvi Vrait,1994,Estonian,2,24
Dincolo de nori,Romania,,Dan Bittman,1994,Romanian,14,21
More than Love,Malta,1ZizKzFJ5DM5ZifOHr2RHr,Chris and Moira,1994,English,97,5
Waar is de zon,Netherlands,,Willeke Alberti,1994,Dutch,4,23
Wir geben 'ne Party,Germany,,MeKaDo,1994,German1,128,3
Nekonečná pieseň,Slovakia,,Tublatanka,1994,Slovak,15,19
Lopšinė mylimai,Lithuania,,Ovidijus Vyšniauskas,1994,Lithuanian,0,25
Duett,Norway,,Elisabeth Andreassen & Jan Werner Danielsen,1994,Norwegian,76,6
Ostani kraj mene,Bosnia and Herzegovina,,Alma & Dejan,1994,Bosnian,39,15
To trehandiri (Το τρεχαντήρι),Greece,,Kostas Bigalis & The Sea Lovers,1994,Greek,44,14
Für den Frieden der Welt,Austria,,Petra Frey,1994,German,19,17
Ella no es ella,Spain,6uOJMvxGa8UJg41f9nGdGK,Alejandro Abad,1994,Spanish,17,18
Kinek mondjam el vétkeimet?,Hungary,,Friderika Bayer,1994,Hungarian,122,4
Vechny strannik (Вечный странник),Russia,,Youddiph,1994,Russian,70,9
To nie ja!,Poland,3Y7dpkWyj2vtCAoJYcRJgS,Edyta Górniak,1994,Polish,166,2
Je suis un vrai garçon,France,,Nina Morato,1994,French,74,7
Sama,Poland,,Justyna,1995,Polish,15,18
Dreamin',Ireland,,Eddie Friel,1995,English,44,14
Verliebt in Dich,Germany,,Stone & Stone,1995,German,1,23
Dvadeset prvi vijek,Bosnia and Herzegovina,2ONmKfXd6LgNmtjGVh2XTk,Davorin Popović,1995,Bosnian,14,19
Nocturne,Norway,,Secret Garden[a],1995,Norwegian,148,1
Kolybelnaya dlya vulkana (Колыбельная для вулкана),Russia,,Philipp Kirkorov,1995,Russian,17,17
Núna,Iceland,,Bo Halldórsson,1995,Icelandic,31,15
Die Welt dreht sich verkehrt,Austria,,Stella Jones,1995,German,67,13
Vuelve conmigo,Spain,1oVihSjSmKTVAdaR9f97rD,Anabel Conde,1995,Spanish,119,2
Sev,Turkey,,Arzu Ece,1995,Turkish,21,16
Nostalgija,Croatia,,Magazin & Lidija,1995,Croatian,91,6
Il me donne rendez-vous,France,,Nathalie Santamaria,1995,French,94,4
Új név a régi ház falán,Hungary,,Csaba Szigeti,1995,Hungarian,3,22
La voix est libre,Belgium,,Frédéric Etherlinck,1995,French,8,20
Love City Groove,United Kingdom,,Love City Groove,1995,English,76,10
Baunilha e chocolate,Portugal,,Tó Cruz,1995,Portuguese,5,21
Sti fotia (Στη φωτιά),Cyprus,,Alexandros Panayi,1995,Greek,79,9
Se på mig,Sweden,4MwyTPs3Yn2NKmbRFkeEh6,Jan Johansen,1995,Swedish,100,3
Fra Mols til Skagen,Denmark,,Aud Wilken,1995,Danish,92,5
Prisluhni mi,Slovenia,5hD0KuFerCg0Qnn0VXMrNS,Darja Švajger,1995,Slovene,84,7
Amen (אמן),Israel,,Liora,1995,Hebrew,81,8
Keep Me In Mind,Malta,2Khe9HyqasSBy3xwkZQCco,Mike Spiteri,1995,English,76,10
Pia prosefhi (Ποια προσευχή),Greece,,Elina Konstantopoulou,1995,Greek,68,12
Weil's dr guat got,Austria,,George Nussbaumer,1996,Vorarlbergish,80,6
Liefde is een kaartspel,Belgium,69E3WU5InePQ4ZcRp5x7N1,Lisa del Bo,1996,Dutch,45,12
Za našu ljubav,Bosnia and Herzegovina,,Amila Glamočak,1996,Bosnian,29,21
Sveta ljubav,Croatia,3U7l5TrZI2lIcjbQ5JYcvj,Maja Blagdan,1996,Croatian,30,19
Mono gia mas (Μόνο για μας),Cyprus,,Constantinos,1996,Greek,42,15
Kun med dig,Denmark,,Dorthe Andersen & Martin Loft,1996,Danish,22,25
Kaelakee hääl,Estonia,,Maarja-Liis Ilus & Ivo Linna,1996,Estonian,106,5
Niin kaunis on taivas,Finland,,Jasmine,1996,Finnish,26,22
Diwanit Bugale,France,,Dan Ar Braz & l'Héritage des Celtes,1996,Breton,55,11
Samo ti (Само ти),Macedonia,,Kaliopi,1996,Macedonian,14,26
Planet of Blue,Germany,,Leon,1996,German,24,24
"Emis forame to himona anixiatika
(Εμείς φοράμε το χειμώνα ανοιξιάτικα)",Greece,,Marianna Efstratiou,1996,Greek,45,12
Fortuna,Hungary,,Gjon Delhusa,1996,Hungarian,26,23
Sjúbídú,Iceland,5DlwSKObLNmZcLYEyF6S71,Anna Mjöll,1996,Icelandic,59,10
The Voice,Ireland,,Eimear Quinn,1996,English,198,2
Shalom Olam (שלום עולם),Israel,,Galit Bell,1996,Hebrew,12,28
In a Woman's Heart,Malta,5uAzATY8QtaWvyRUKaKIPU,Miriam Christine,1996,English,138,4
De eerste keer,Netherlands,,Maxine & Franklin Brown,1996,Dutch,63,9
Chcę znać swój grzech...,Poland,,Kasia Kowalska,1996,Polish,42,15
O meu coração não tem cor,Portugal,,Lúcia Moniz,1996,Portuguese,32,18
Rugă pentru pacea lumii,Romania,,Monica Anghel & Sincron,1996,Romanian,11,29
Ya eto ya (Я это я),Russia,,Andrey Kosinskiy,1996,Russian,14,26
Kým nás máš,Slovakia,,Marcel Palonder,1996,Slovak,38,17
Dan najlepših sanj,Slovenia,4NrbpestG8aXXePSuvrsMB,Regina,1996,Slovene,30,19
"¡Ay, qué deseo!",Spain,,Antonio Carbonell,1996,Spanish,43,14
Den vilda,Sweden,0TYwFP4MxszHAXAJMYhi3E,One More Time,1996,Swedish,227,1
Mon cœur l'aime,Switzerland,,Kathy Leander,1996,French,67,8
Beşinci Mevsim,Turkey,,Şebnem Paker,1996,Turkish,69,7
Ooh Aah... Just a Little Bit,United Kingdom,2FwVYuLSwtM0nc2ZWqZo1E,Gina G,1996,English,153,3
Mana mou (Μάνα μου),Cyprus,,Hara & Andreas Konstantinou,1997,Greek,98,5
Dinle,Turkey,,Şebnem Paker & Grup Ethnic,1997,Turkish,121,3
San Francisco,Norway,5YXG7ZXvVAzT7yxT5EUp3C,Tor Endresen,1997,Norwegian1,0,24
One Step,Austria,,Bettina Soriat,1997,German1,12,21
Mysterious Woman,Ireland,,Marc Roberts,1997,English,157,2
Zbudi se,Slovenia,,Tanja Ribič,1997,Slovene,60,10
Dentro di me,Switzerland,,Barbara Berta,1997,Italian,5,22
Niemand heeft nog tijd,Netherlands,,Mrs. Einstein,1997,Dutch,5,22
Fiumi di parole,Italy,5ZS9fcqcYtfL80rj1bf7Lb,Jalisse,1997,Italian,114,4
Sin rencor,Spain,79mY0wwCQoGgRSZfbYlU48,Marcos Llunas,1997,Spanish,96,6
Zeit,Germany,,Bianca Shomburg,1997,German,22,18
Ale jestem,Poland,7kkS427KA8VjQqmcFcl3de,Anna Maria Jopek,1997,Polish,54,11
Keelatud maa,Estonia,,Maarja-Liis Ilus,1997,Estonian,82,8
Goodbye,Bosnia and Herzegovina,,Alma Čardžić,1997,Bosnian,22,18
Antes do adeus,Portugal,6Xuog6CYG9FuZA3tFWvcCw,Célia Lawson,1997,Portuguese,0,24
Bara hon älskar mig,Sweden,,Blond,1997,Swedish,36,14
Horepse (Χόρεψε),Greece,,Marianna Zorba,1997,Greek,39,12
Let Me Fly,Malta,2qRSeT24NFOTAinm83x6Wt,Debbie Scerri,1997,English,66,9
"Miért kell, hogy elmenj?",Hungary,,V.I.P.,1997,Hungarian,39,12
Primadonna (Примадонна),Russia,,Alla Pugacheva,1997,Russian,33,15
Stemmen i mit liv,Denmark,,Kølig Kaj,1997,Danish,25,16
Sentiments songes,France,,Fanny,1997,French,95,7
Probudi me,Croatia,5GKs2EdeHzWS80SLuPASeZ,E.N.I.,1997,Croatian,24,17
Love Shine a Light,United Kingdom,,Katrina and the Waves,1997,English,227,1
Minn hinsti dans,Iceland,,Paul Oscar,1997,Icelandic,18,20
Neka mi ne svane,Croatia,,Danijela,1998,Croatian,131,5
Mia Krifi Evesthisia (Μια κρυφή ευαισθησία),Greece,,Thalassa,1998,Greek,12,20
Où aller,France,,Marie Line,1998,French,3,24
¿Qué voy a hacer sin ti?,Spain,2GYcJI8OOhWe4J7OijzVIf,Mikel Herzog,1998,Spanish,21,16
Lass ihn,Switzerland,3hxqRp4OhlLVIFB2yi0rLq,Gunvor,1998,German,0,25
Modlitba,Slovakia,,Katarína Hasprová,1998,Slovak,8,21
To takie proste,Poland,0IfbVBzv2whyl6uLCDudVQ,Sixteen,1998,Polish,19,17
Diva (דיווה),Israel,,Dana International,1998,Hebrew,172[N 1],1
Guildo hat euch lieb!,Germany,,Guildo Horn,1998,German,86,7
The One That I Love,Malta,3s1GSTcK3WAVbQhpVVziKN,Chiara,1998,English,165,3
A holnap már nem lesz szomorú,Hungary,0bQ9A9BnT2nx4oTPvUwae4,Charlie,1998,Hungarian,4,23
Naj bogovi slišijo,Slovenia,,Vili Resnik,1998,Slovene,17,18
Is Always Over Now?,Ireland,,Dawn Martin,1998,English,64,9
Se eu te pudesse abraçar,Portugal,,Alma Lusa,1998,Portuguese,36,12
Eu cred,Romania,,Mălina Olinescu,1998,Romanian,6,22
Where Are You?,United Kingdom,,Imaani,1998,English,166,2
Genesis (Γένεσις),Cyprus,,Michael Hajiyanni,1998,Greek,37,11
Hemel en aarde,Netherlands,,Edsilia,1998,Dutch,151,4
Kärleken är,Sweden,,Jill Johnson,1998,Swedish,53,10
Dis oui,Belgium,,Mélanie Cohl,1998,French,122,6
Aava,Finland,,Edea,1998,Finnish,22,15
Alltid sommer,Norway,,Lars Fredriksen,1998,Norwegian,79,8
Mere lapsed,Estonia,,Koit Toome,1998,Estonian,36,12
Unutamazsın,Turkey,,Tüzmen,1998,Turkish,25,14
"Ne zori, zoro (Не зори, зоро)",Macedonia,,Vlado Janevski,1998,Macedonian,16,19
Strazdas,Lithuania,,Aistė,1999,Samogitian,13,20
Like the Wind,Belgium,,Vanessa Chinitor,1999,English,38,12
No quiero escuchar,Spain,,Lydia,1999,Spanish,1,23
Marija Magdalena,Croatia,7Gj6Wi9ZFoIMdf9i1f9Y8P,Doris Dragović,1999,Croatian,118,4
Say It Again,United Kingdom,7zoOclHrdlDggSm8YJk00N,Precious,1999,English,38,12
For a Thousand Years,Slovenia,3Nun3F5Bs9F0RZwz2VifIV,Darja Švajger,1999,English,50,11
Dön Artık,Turkey,,Tuğba Önal & Grup Mistik,1999,Turkish,21,16
Living My Life Without You,Norway,,Stig Van Eijk,1999,English,35,14
This Time I Mean It,Denmark,,Trine Jepsen & Michael Teschl,1999,English,71,8
Je veux donner ma voix,France,6Pj2g4QOtfm7ET6NN4tmLg,Nayah,1999,French,14,19
One Good Reason,Netherlands,,Marlayne,1999,English,71,8
Przytul mnie mocno,Poland,,Mietek Szcześniak,1999,Polish,17,18
All Out of Luck,Iceland,3F2vFcTAfL7jThy047uUrv,Selma,1999,English,146,2
Tha'nai Erotas (Θα'ναι έρωτας),Cyprus,,Marlain,1999,Greek,2,22
Take Me to Your Heaven,Sweden,6yEkKWkh7cBsFPr7Cif3uL,Charlotte Nilsson,1999,English,163,1
Como tudo começou,Portugal,61ExZgVw4snwzjSwIYNFm3,Rui Bandeira,1999,Portuguese,12,21
When You Need Me,Ireland,,The Mullans,1999,English,18,17
Reflection,Austria,,Bobbie Singer,1999,English,65,10
Yom Huledet (Happy Birthday) (יום הולדת),Israel,,Eden,1999,"English, Hebrew",93,5
Believe 'n Peace,Malta,10gJ58ztG2nBtv9U0pbHAK,Times Three,1999,English,32,15
Reise nach Jerusalem – Kudüs'e seyahat,Germany,,Sürpriz,1999,"German, Turkish,
English, Hebrew",140,3
Putnici,Bosnia and Herzegovina,,Dino & Béatrice,1999,"Bosnian, French",86,7
Diamond of Night,Estonia,,Evelin Samuel & Camille,1999,English,90,6
Sameach (שמח),Israel,,PingPong,2000,Hebrew1,7,22
No Goodbyes,Netherlands,4OxAOffBcJqxGFn9R5KxYV,Linda Wagenmakers,2000,English,40,13
Don't Play That Song Again,United Kingdom,4bBImJN8pJkx3axY7ECpUg,Nicki French,2000,English,28,16
Once in a Lifetime,Estonia,,Ines,2000,English,98,4
On aura le ciel,France,,Sofia Mestari,2000,French,5,23
The Moon,Romania,,Taxi,2000,English,25,17
Desire,Malta,4Ngtct85sXmayXB5Ga7CuK,Claudette Pace,2000,"English, Maltese",73,8
My Heart Goes Boom,Norway,,Charmed,2000,English,57,11
Solo,Russia,,Alsou,2000,English,155,2
Envie de vivre,Belgium,,Nathalie Sorce,2000,French,2,24
Nomiza (Νόμιζα),Cyprus,,Voice,2000,"Greek, Italian",8,21
Tell Me!,Iceland,2k3Y97ETwFLIeQwWQG0pkC,August & Telma,2000,English,45,12
Colgado de un sueño,Spain,,Serafín Zubiri,2000,Spanish,18,18
Fly on the Wings of Love,Denmark,2kILE4974u2DL5rEvrbfsA,Olsen Brothers,2000,English,195,1
Wadde hadde dudde da?,Germany,,Stefan Raab,2000,"German, English",96,5
La vita cos'è?,Switzerland,,Jane Bogaert,2000,Italian,14,20
Kad zaspu anđeli,Croatia,,Goran Karan,2000,Croatian,70,9
When Spirits Are Calling My Name,Sweden,27L4okgASeyUAzZ7etleyQ,Roger Pontare,2000,English,88,7
100% te ljubam (100% те љубам),Macedonia,,XXL,2000,"Macedonian, English",29,15
A Little Bit,Finland,,Nina Åström,2000,English,18,18
My Star,Latvia,4R2tCloerHegAfPWjR3o7d,Brainstorm,2000,English,136,3
Yorgunum Anla,Turkey,,Pınar Ayhan & The SOS,2000,"Turkish, English",59,10
Millennium of Love,Ireland,,Eamonn Toal,2000,English,92,6
All to You,Austria,,The Rounder Girls,2000,English,34,14
Out On My Own,Netherlands,,Michelle,2001,English,16,18
Angel,Iceland,2nhY8qimED269sup4XzyaA,Two Tricky,2001,English,3,22
Hano,Bosnia and Herzegovina,1nYgrQQpJmeDLukAKH2Por,Nino Pršeš,2001,"Bosnian, English",29,14
On My Own,Norway,2ISmtYqAfrIhZIEWWImTjU,Haldor Lægreid,2001,English,3,22
En Davar (אין דבר),Israel,,Tal Sondak,2001,Hebrew,25,16
Lady Alpine Blue,Russia,,Mumiy Troll,2001,English,37,12
Listen to Your Heartbeat,Sweden,4W7sgrHikz4hbndXFQJzBu,Friends,2001,English,100,5
You Got Style,Lithuania,2LtdpzRnapo6CjzdrVQgnN,SKAMP,2001,"English, Lithuanian",35,13
Too Much,Latvia,3XJ8YC4wks6m14Jy2p6QNQ,Arnis Mednis,2001,English,16,18
Strings of My Heart,Croatia,7b011YotePNLplTMrbMgnu,Vanna,2001,English,42,10
Só sei ser feliz assim,Portugal,,MTM,2001,Portuguese,18,17
Without Your Love,Ireland,,Gary O'Shaughnessy,2001,English,6,21
Dile que la quiero,Spain,0so2Jlze25HJtPYZnEUMzr,David Civera,2001,Spanish,76,6
Je n'ai que mon âme,France,10p0nLnAzyyVr4YWxaSerl,Natasha St-Pier,2001,"French, English",142,4
Sevgiliye Son,Turkey,,Sedat Yüce,2001,"Turkish, English",41,11
No Dream Impossible,United Kingdom,,Lindsay Dracass,2001,English,28,15
Energy,Slovenia,,Nuša Derenda,2001,English,70,7
2 Long,Poland,,Piasek,2001,English,11,20
Wer Liebe lebt,Germany,0MAoOpiamwvXSEgcWkeII2,Michelle,2001,"German, English",66,8
Everybody,Estonia,,"Tanel Padar, Dave Benton & 2XL",2001,English,198,1
Another Summer Night,Malta,0DBpHZkE1iSeBKgCZXw54O,Fabrizio Faniello,2001,English,48,9
Die for You,Greece,59wp0uf7el6E2xo0sYUQsL,Antique,2001,"Greek, English",147,3
Never Ever Let You Go,Denmark,4WWzifyWD0zfImlSn4LpU3,Rollo & King,2001,English,177,2
Gimme,Cyprus,4MZE71a9ACoGlXuRBDGacm,One,2002,English,85,6
Come Back,United Kingdom,,Jessica Garlick,2002,English,111,3
Say a Word,Austria,,Manuel Ortega,2002,English,26,18
S.A.G.A.P.O.,Greece,,Michalis Rakintzis,2002,English,27,17
Europe's Living a Celebration,Spain,,Rosa,2002,"Spanish, English",81,7
Everything I Want,Croatia,0knrm9iqhUjf9wT0rZCfFl,Vesna Pisarović,2002,English,44,11
Northern Girl,Russia,,Prime Minister,2002,English,55,10
Runaway,Estonia,,Sahlene,2002,English,111,3
Od nas zavisi (Од нас зависи),Macedonia,,Karolina,2002,Macedonian,25,19
Light a Candle,Israel,,Sarit Hadad,2002,"Hebrew, English",37,12
Dans le jardin de mon âme,Switzerland,,Francine Jordi,2002,French,15,22
Never Let It Go,Sweden,6waBYwb5p6z7BN1NucVZ1T,Afro-dite,2002,English,72,8
Addicted To You,Finland,,Laura,2002,English,24,20
Tell Me Who You Are,Denmark,,Malene,2002,English,7,24
Na jastuku za dvoje (На јастуку за двоје),Bosnia and Herzegovina,,Maja,2002,"Serbian, English",33,13
Sister,Belgium,,Sergio & The Ladies,2002,English,33,13
Il faut du temps,France,,Sandrine François,2002,French,104,5
I Can't Live Without Music,Germany,,Corinna May,2002,English,17,21
Leylaklar Soldu Kalbinde,Turkey,,Buket Bengisu & Group Safir,2002,"Turkish, English",29,16
7th Wonder,Malta,6rF1ZmDKZKhEv49l2OrYCl,Ira Losco,2002,English,164,2
Tell Me Why,Romania,,Monica Anghel & Marcel Pavel,2002,English,71,9
Samo ljubezen,Slovenia,5Wuo6QOB41oIC4qVVteZ4O,Sestre,2002,Slovene,33,13
I Wanna,Latvia,70tFqMdkFXCPeirRaLAKKM,Marie N,2002,English,176,1
Happy You,Lithuania,,Aivaras,2002,English,12,23
Open Your Heart,Iceland,,Birgitta,2003,English,81,8
Weil der Mensch zählt,Austria,4icOtq9jmgpmURhMRv0ZRN,Alf Poier,2003,German1,101,6
We've Got the World,Ireland,7DLEGyyuXl2Y5mCsiy4oI3,Mickey Harte,2003,English,53,11
Everyway That I Can,Turkey,6eSegCmgoWltb2VKsXmLOa,Sertab Erener,2003,English,167,1
To Dream Again,Malta,,Lynn Chircop,2003,English,4,25
Ne brini,Bosnia and Herzegovina,,Mija Martina,2003,"Croatian, English",27,16
Deixa-me sonhar,Portugal,6thqN2odJr5rHZ7BOaLZ0N,Rita Guerra,2003,"Portuguese, English",13,22
Više nisam tvoja,Croatia,,Claudia Beni,2003,"Croatian, English",29,15
Feeling Alive,Cyprus,2kXwLDnszt2QdwbbzXF1l2,Stelios Constantas,2003,English,15,20
Let's Get Happy,Germany,,Lou,2003,English,53,11
"Ne ver', ne boysia (Не верь, не бойся)",Russia,,t.A.T.u.,2003,Russian,164,3
Dime,Spain,,Beth,2003,Spanish,81,8
Words for Love,Israel,,Lior Narkis,2003,Hebrew2,17,19
One More Night,Netherlands,,Esther Hart,2003,English,45,13
Cry Baby,United Kingdom,5PmYbatwMGlwR312TX4ki3,Jemini,2003,English,0,26
Hasta la Vista,Ukraine,,Olexandr,2003,English,30,14
Never Let You Go,Greece,5Vdm4sjMkiKjXEmegFJiC2,Mando,2003,English,25,17
I'm Not Afraid to Move On,Norway,,Jostein Hasselgård,2003,English,123,4
Monts et merveilles,France,,Louisa Baïleche,2003,French,19,18
Keine Grenzen – Żadnych granic,Poland,,Ich Troje,2003,"German, Polish, Russian",90,7
Hello from Mars,Latvia,,F.L.Y.,2003,English,5,24
Sanomi,Belgium,3VJKivjnP3B3GCyJ5Yallw,Urban Trad,2003,Imaginary,165,2
Eighties Coming Back,Estonia,,Ruffus,2003,English,14,21
Don't Break My Heart,Romania,7vN1yJFrOPTQ6rNvxyQnou,Nicola,2003,English,73,10
Give Me Your Love,Sweden,1KMl8EuoBAXKEmQT3PtNGQ,Fame,2003,English,107,5
Nanana,Slovenia,,Karmen,2003,English,7,23
Para llenarme de ti,Spain,45OEMWZLAVLG8wx8xM0Das,Ramón,2004,Spanish,87,10
Du bist,Austria,3SsbrlJBqqakD5PF3jtO4k,Tie Break,2004,German,9,21
High,Norway,3qB7BwmLWd6QWyd26QevOj,Knut Anders Sørum,2004,English,3,24
À chaque pas,France,,Jonatan Cerrada,2004,"French, Spanish",40,15
Lane moje (Лане моје),Serbia and Montenegro,,Željko Joksimović & Ad-Hoc Orchestra,2004,Serbian,263,2
On Again... Off Again,Malta,,Julie and Ludwig,2004,English,50,12
Without You,Netherlands,,Re-Union,2004,English,11,20
Can't Wait Until Tonight,Germany,,Max,2004,"English, Turkish",93,8
The Image of You,Albania,,Anjeza Shahini,2004,English,106,7
Wild Dances,Ukraine,1Lav2Z3RKu71MJLIjQz4dQ,Ruslana,2004,"English, Ukrainian",280,1
You Are the Only One,Croatia,32ChLaXKTvGtbSIlkrpnqO,Ivan Mikulić,2004,English,50,12
In the Disco,Bosnia and Herzegovina,2wdhxJI8rvKq1VCRZsiEuA,Deen,2004,English,91,9
1 Life,Belgium,,Xandee,2004,English,7,22
Believe Me,Russia,,Julia Savicheva,2004,English,67,11
Life,Macedonia,3NhfXadAjVneT0ZuZBbqut,Toše Proeski,2004,English,47,14
Shake It,Greece,2xagoLNhrbVA2fpOkxs2Ze,Sakis Rouvas,2004,English,252,3
Heaven,Iceland,28EIkUG3CBpIRDQh285jKP,Jónsi,2004,English,16,19
If My World Stopped Turning,Ireland,2w7K4PVdNAaGWwY9wlGzrb,Chris Doran,2004,English,7,22
Love Song,Poland,1B2RXsTj0qe6VI84M9XGaT,Blue Café,2004,"English, Spanish",27,17
Hold On to Our Love,United Kingdom,,James Fox,2004,English,29,16
Stronger Every Minute,Cyprus,,Lisa Andreas,2004,English,170,5
For Real,Turkey,,Athena,2004,English,195,4
I Admit,Romania,,Sanda,2004,English,18,18
It Hurts,Sweden,,Lena Philipsson,2004,English,170,5
"Forogj, világ!",Hungary,1MaUE0VmsQwA0ktD0KDjv4,NOX,2005,Hungarian,97,12
Touch My Fire,United Kingdom,,Javine,2005,English,18,22
Angel,Malta,,Chiara,2005,English,192,2
Let Me Try,Romania,,Luminița Anghel & Sistem,2005,English,158,3
In My Dreams,Norway,0Y4lzTJtfn0W0rTzpXiBBf,Wig Wam,2005,English,125,9
Rimi Rimi Ley,Turkey,,Gülseren,2005,Turkish,92,13
Boonika bate doba,Moldova,4X0BpvZDqPAFp5HzNPONWd,Zdob și Zdub,2005,"English, Romanian",148,6
Tomorrow I Go,Albania,,Ledina Çelo,2005,English,53,16
Ela Ela,Cyprus,,Constantinos Christoforou,2005,English,46,18
Brujería,Spain,,Son de Sol,2005,Spanish,28,21
Hasheket Shenish'ar (השקט שנשאר),Israel,,Shiri Maimon,2005,"Hebrew, English",154,4
Zauvijek moja (Заувијек моја),Serbia and Montenegro2,,No Name,2005,Montenegrin,137,7
Talking to You,Denmark,,Jakob Sveistrup,2005,English,125,9
Las Vegas,Sweden,,Martin Stenmarck,2005,English,30,19
Make My Day,Macedonia,,Martin Vučić,2005,English,52,17
Razom nas bahato (Разом нас багато),Ukraine,,GreenJolly,2005,"Ukrainian, English1",30,19
Run and Hide,Germany,26egMCRkITBhtqGWkt1J8S,Gracia,2005,English,4,24
Vukovi umiru sami,Croatia2,,Boris Novković feat. Lado Members,2005,Croatian,115,11
My Number One,Greece,6LkCvCc9oFoLDv4DLhzTox,Helena Paparizou,2005,English,230,1
Nobody Hurt No One,Russia,,Natalia Podolskaya,2005,English,57,15
Call Me,Bosnia and Herzegovina,1o5nL0IcAxh77bKBNzMQUt,Feminnem,2005,English,79,14
Cool Vibes,Switzerland,0zOVfyrwPS7FY7REBQDlvD,Vanilla Ninja,2005,English,128,8
The War Is Not Over,Latvia,40wvKWTMSq9KDJwV0hntn1,Walters & Kazha,2005,English,153,5
Chacun pense à soi,France,,Ortal,2005,French,11,23
If We All Give a Little,Switzerland,2dMGxoGXtapU26WYizhFjl,six4one,2006,English,30,16
Loca,Moldova,,Arsenium feat. Natalia Gordienko,2006,English3,22,20
Together We Are One,Israel,,Eddie Butler,2006,"Hebrew, English",4,23
I Hear Your Heart,Latvia,,Vocal Group Cosmos,2006,English,30,16
Alvedansen,Norway,,Christine Guldbrandsen,2006,Norwegian,36,14
Un Blodymary,Spain,2ypexq3NogUIk6GkktgrNg,Las Ketchup,2006,Spanish,18,21
I Do,Malta,4W3eH4QXRYXSdHJGtLa1zt,Fabrizio Faniello,2006,English,1,24
No No Never,Germany,,Texas Lightning,2006,English,36,14
Twist of Love,Denmark,,Sidsel Ben Semmane,2006,English,26,18
Never Let You Go,Russia,,Dima Bilan,2006,English,248,2
Ninanajna (Нинанајна),Macedonia,,Elena Risteska,2006,"English, Macedonian",56,12
Tornerò,Romania,46jwXcFUYjOhS5Vi5gp6ou,Mihai Trăistariu,2006,"English, Italian",172,4
Lejla,Bosnia and Herzegovina,0xDQnj1CobUOFmVsovknB1,Hari Mata Hari,2006,Bosnian,229,3
We Are the Winners,Lithuania,2QNb0E7tUeL5fCQFY5Pf02,LT United,2006,English2,162,6
Teenage Life,United Kingdom,,Daz Sampson,2006,English,25,19
Everything,Greece,,Anna Vissi,2006,English,128,9
Hard Rock Hallelujah,Finland,3EixrP74QvVXmX5sOP3ul6,Lordi,2006,English,292,1
Show Me Your Love,Ukraine,,Tina Karol,2006,English,145,7
Il était temps,France,5hFjwk9qw4eiWktk8QUc4n,Virginie Pouchain,2006,French,5,22
Moja štikla,Croatia,3pfBXeCurFSU3e896fXVLm,Severina,2006,Croatian,56,12
Every Song Is a Cry for Love,Ireland,4U7WC5GYgDSFo5pKKoUq7u,Brian Kennedy,2006,English,93,10
Invincible,Sweden,2eGkOAOi972MzM5optdlT7,Carola,2006,English,170,5
Süper Star,Turkey,,Sibel Tüzün,2006,"Turkish, English",91,11
Without Your Love,Armenia,,André,2006,English,129,8
Rijeka bez imena (Ријека без имена),Bosnia and Herzegovina,,Marija Šestić,2007,Serbian,106,11
I Love You Mi Vida,Spain,,D'NASH,2007,Spanish3,43,20
Work Your Magic,Belarus,,Dmitry Koldun,2007,English,145,6
They Can't Stop the Spring,Ireland,,Dervish,2007,English,5,24
Leave Me Alone,Finland,,Hanna Pakarinen,2007,English,53,17
Mojot svet (Мојот свет),Macedonia,,Karolina,2007,"Macedonian, English",73,14
Cvet z juga,Slovenia,5TyLmF69awrR61SO4v0NT4,Alenka Gotar,2007,Slovene,66,15
Unsubstantial Blues,Hungary,,Magdi Rúzsa,2007,English,128,9
Love or Leave,Lithuania,0Kd8LZOl5NH5ZBYMhuVM1P,4Fun,2007,English,28,21
Yassou Maria (Γεια σου Μαρία),Greece,,Sarbel,2007,English,139,7
Visionary Dream,Georgia,,Sopho,2007,English,97,12
The Worrying Kind,Sweden,5zIxRPGxiOBNRDBu2Upk4i,The Ark,2007,English,51,18
L'amour à la française,France,,Les Fatals Picards,2007,"French, English (""Franglais"")",19,22[9]
Questa notte,Latvia,1kcwsoWjmm9THtkhL1vQ7Y,Bonaparti.lv,2007,Italian,54,16
Song #1,Russia,6O2BqxpGIGYcmNRupBQZc9,Serebro,2007,English,207,3
Frauen regier'n die Welt,Germany,1mPCxdc4hpJ8r2qPnyMYcW,Roger Cicero,2007,"German, English",49,19
Molitva (Молитва),Serbia,,Marija Šerifović,2007,Serbian,268,1
Dancing Lasha Tumbai (Dancing Лаша Тумбай),Ukraine,,Verka Serduchka,2007,"German, English, Ukrainian",235,2
Flying the Flag (For You),United Kingdom,4OT9lDdobsAPaKgtiUhIpv,Scooch,2007,English,19,22
"Liubi, Liubi, I Love You (Люби, Люби, I Love You)",Romania,,Todomondo,2007,"English, Italian, Spanish,
Russian, French, Romanian",84,13
Water,Bulgaria,,Elitsa Todorova & Stoyan Yankoulov,2007,Bulgarian,157,5
Shake It Up Şekerim,Turkey,,Kenan Doğulu,2007,English,163,4
Anytime You Need,Armenia,6COUoYEPyrdfwSSsAZXoYt,Hayko,2007,"English, Armenian",138,8
Fight,Moldova,,Natalia Barbu,2007,English,109,10
Pe-o margine de lume,Romania,,Nico and Vlad,2008,"Romanian, Italian",45,20
Even If,United Kingdom,2vI5dsE5og13ur6EUhOapI,Andy Abraham,2008,English,14,25
Zemrën e lamë peng,Albania,1SmtEzPZF7FucrJDAYG4xC,Olta Boka,2008,Albanian,55,17
Disappear,Germany,,No Angels,2008,English,14,23
"Qélé, Qélé (Քելե Քելե)",Armenia,,Sirusho,2008,"English, Armenian",199,4
Pokušaj,Bosnia and Herzegovina,,Laka,2008,Bosnian,110,10
The Fire in Your Eyes,Israel,,Boaz Ma'uda,2008,"Hebrew, English",124,9
Missä miehet ratsastaa,Finland,5wWBhkYsdktIIkRHAHzZAx,Teräsbetoni,2008,Finnish,35,22
Romanca,Croatia,,Kraljevi Ulice and 75 cents,2008,Croatian,44,21
For Life,Poland,79Or94MUNlZwEyufCAPs4i,Isis Gee,2008,English,14,24
This Is My Life,Iceland,1CvAcArVNe8ikTgzuXZstT,Euroband,2008,English,64,14
Deli,Turkey,3eEmeP2ydpJDtl0tY91t8Y,Mor ve Ötesi,2008,Turkish,138,7
Senhora do mar (Negras águas),Portugal,6Aj4aFFUNpLdanLlxIJ2v5,Vânia Fernandes,2008,Portuguese,69,13
Wolves of the Sea,Latvia,,Pirates of the Sea,2008,English,83,12
Hero,Sweden,5thbBlXWqYroVWot4a5LlN,Charlotte Perrelli,2008,English,47,18
All Night Long,Denmark,,Simon Mathew,2008,English,60,15
Peace Will Come,Georgia,,Diana Gurtskaya,2008,English,83,11
Shady Lady,Ukraine,,Ani Lorak,2008,English,230,2
Divine,France,6JYxLv2GGPaZDkyJaHSQJY,Sébastien Tellier,2008,"English, French",47,19
Day After Day,Azerbaijan,,Elnur and Samir,2008,English,132,8
Secret Combination,Greece,1E6EOpzAkHbKAMZscImC41,Kalomira,2008,English,218,3
Baila el Chiki-chiki,Spain,7wUKRQMHG0fI3DBzi6Tp29,Rodolfo Chikilicuatre,2008,"Spanish, English",55,16
Oro (Оро),Serbia,,Jelena Tomašević feat. Bora Dugić,2008,Serbian,160,6
Believe,Russia,,Dima Bilan,2008,English,272,1
Hold On Be Strong,Norway,,Maria Haukaas Storeng,2008,English,182,5
Love,Lithuania,,Sasha Son,2009,"English, Russian",23,23
There Must Be Another Way,Israel,,Noa and Mira Awad,2009,"English, Hebrew, Arabic",53,16
Et s'il fallait le faire,France,068tmpCeSwnAWm3XtECRj9,Patricia Kaas,2009,French,107,8
La voix,Sweden,7Kz4f9CgtAfbmPBMX5q2ZV,Malena Ernman,2009,"French, English",33,21
Lijepa Tena,Croatia,,Igor Cukrov feat. Andrea,2009,Croatian,45,18
Todas as ruas do amor,Portugal,0tUCbArcV1LIbXSEye6uys,Flor-de-Lis,2009,Portuguese,57,15
Is It True?,Iceland,,Yohanna[69],2009,English,218,2
This Is Our Night,Greece,3KcRTivsw7hbxSRMGDtsMS,Sakis Rouvas,2009,English,120,7
Jan Jan (Ջան Ջան),Armenia,,Inga and Anush,2009,"English, Armenian",92,10
Mamo (Мамо),Russia,,Anastasiya Prikhodko,2009,"Russian, Ukrainian",91,11
Always,Azerbaijan,,AySel and Arash[74],2009,English,207,3
Bistra voda,Bosnia and Herzegovina,72pPz0QL8HncjUkgFJguHb,Regina,2009,Bosnian[70][71],106,9
Hora din Moldova,Moldova,,Nelly Ciobanu,2009,"Romanian, English",69,14
What If We,Malta,6M8nlXniw9MEh7uqlAMe8e,Chiara,2009,English,31,22
Rändajad,Estonia,6IiZBBFqyyK3CLo9BqmmAH,Urban Symphony,2009,Estonian,129,6
Believe Again,Denmark,,Niels Brinck,2009,English,74,13
Miss Kiss Kiss Bang,Germany,,Alex Swings Oscar Sings![75],2009,English,35,20
Düm Tek Tek,Turkey,3SxMoYjub3X3q5hJm9ZPyM,Hadise,2009,English,177,4
Carry Me in Your Dreams,Albania,,Kejsi Tola,2009,English,48,17
Fairytale,Norway,37lYrZzmbRiEySPGkiGjXA,Alexander Rybak,2009,English,387,1
Be My Valentine,Ukraine,,Svetlana Loboda,2009,English,76,12
The Balkan Girls,Romania,32e6HtEtm1N8MEcvV4Mq6k,Elena,2009,English,40,19
It's My Time,United Kingdom,,Jade Ewen,2009,English,173,5
Lose Control,Finland,5UTkoeLEHv0zPy6XtKsCZK,Waldo's People,2009,English,22,25
La noche es para mí,Spain,,Soraya Arnelas,2009,Spanish,23,24
Drip Drop,Azerbaijan,38hIyhovrQzznCiNjnG5LI,Safura,2010,English,145,5
Algo Pequeñito,Spain,4TNq9oD4rENIf10uzKLVfS,Daniel Diges,2010,Spanish,68,15
My Heart Is Yours,Norway,6goCLerItGxMQ5kWGVxclD,Didrik Solli-Tangen,2010,English,35,20
Run Away,Moldova,,SunStroke Project and Olia Tira,2010,English,27,22
Life Looks Better in Spring,Cyprus,58N5G89W3yFSqZytItT1Ah,Jon Lilygreen and The Islanders,2010,English,27,21
Thunder and Lightning,Bosnia and Herzegovina,,Vukašin Brajić,2010,English,51,17
Me and My Guitar,Belgium,2NN9Tsj56bSWq2cAklqsPB,Tom Dice,2010,English,143,6
Ovo je Balkan (Oво je Балкан),Serbia,,Milan Stanković,2010,Serbian,72,13
Butterflies,Belarus,,3+2 feat Robert Wells,2010,English,18,24
It's for You,Ireland,,Niamh Kavanagh,2010,English,25,23
OPA (ΩΠΑ),Greece,,Giorgos Alkaios and Friends,2010,Greek1,140,8
That Sounds Good to Me,United Kingdom,,Josh Dubovie,2010,English,10,25
Shine,Georgia,4X2DjLtq0XEj4ukogWZCAv,Sofia Nizharadze,2010,English,136,9
We Could Be the Same,Turkey,19BkfCQ8jcAlb33zf7jzVa,maNga,2010,English,170,2
It's All About You,Albania,,Juliana Pasha,2010,English,62,16
Je ne sais quoi,Iceland,5htZ21M2zhg3WLTib7YQ5r,Hera Björk,2010,English,41,19
Sweet People,Ukraine,7CJ8kE34MpQpL8jZUazdPt,Alyosha,2010,English,108,10
Allez Ola Olé,France,1xSl7uE9De7aLDEGXahCJB,Jessy Matador,2010,French,82,12
Playing with Fire,Romania,,Paula Seling and Ovi,2010,English,162,3
Lost and Forgotten,Russia,,Peter Nalitch and Friends,2010,English,90,11
Apricot Stone,Armenia,,Eva Rivas,2010,English,141,7
Satellite,Germany,2UjNsh4ipNrmog6wdS2JVv,Lena,2010,English,246,1
Há dias assim,Portugal,,Filipa Azevedo,2010,Portuguese,43,18
Milim (מילים),Israel,,Harel Skaat,2010,Hebrew,71,14
In a Moment Like This,Denmark,,Chanée and N'evergreen,2010,English,149,4
Da Da Dam,Finland,2rckqWWzE0HM3C6ZppBr0f,Paradise Oskar,2011,English,57,21
Love in Rewind,Bosnia and Herzegovina,60w4OUxN2PmTnlrgk4aRBX,Dino Merlin,2011,"English, Bosnian",125,6
New Tomorrow,Denmark,7i0oF2AUXzpoLeMQEFkdcd,A Friend in London,2011,English,134,5
C'est ma vie,Lithuania,,Evelina Sašenko,2011,English1,63,19
What About My Dreams?,Hungary,,Kati Wolf,2011,"English, Hungarian",53,22
Lipstick,Ireland,,Jedward,2011,English,119,8
Popular,Sweden,64WR5TPXZZ2wsWYA3enKfK,Eric Saade,2011,English,185,3
Rockefeller Street,Estonia,4rvFyA7h88s8DehCOjqW9K,Getter Jaani,2011,English,44,24
Watch My Dance,Greece,,Loukas Giorkas feat. Stereo Mike,2011,"English, Greek",120,7
Get You,Russia,,Alexey Vorobyov,2011,"English, Russian",77,16
Sognu,France,1eGfYqCI1IDqErWMnlDJiu,Amaury Vassili,2011,Corsican,82,15
Madness of Love,Italy,783Nctep4uNaLD7IRMxITK,Raphael Gualazzi,2011,"Italian, English",189,2
In Love for a While,Switzerland,4GtO1RnTMOhGusfp63Q3MN,Anna Rossinelli,2011,English,19,25
I Can,United Kingdom,,Blue,2011,English,100,11
So Lucky,Moldova,,Zdob şi Zdub,2011,English,97,12
Taken by a Stranger,Germany,,Lena,2011,English,107,10
Change,Romania,,Hotel FM,2011,English,77,17
The Secret Is Love,Austria,6w44eqrgNiCQqPNwGaTSSJ,Nadine Beiler,2011,English,64,18
Running Scared,Azerbaijan,,Ell & Nikki,2011,English,221,1
No One,Slovenia,18JxAvZNiJ8387A3As20mg,Maja Keuc,2011,English,96,13
Coming Home,Iceland,,Sjonni's Friends,2011,English,61,20
Que me quiten lo bailao,Spain,,Lucía Pérez,2011,Spanish,50,23
Angel,Ukraine,,Mika Newton,2011,English,159,4
Čaroban (Чаробан),Serbia,,Nina,2011,Serbian,85,14
One More Day,Georgia,1pWm08q3oWv09VmRfLeGbV,Eldrine,2011,English,110,9
Love Will Set You Free,United Kingdom,0gbIrlLpSKnonxTfdWI3zA,Engelbert Humperdinck,2012,English,12,25
Sound of Our Hearts,Hungary,5RNQYSq4W6SyvzjG0aNcdV,Compact Disco,2012,English,19,24
Suus3,Albania,,Rona Nishliu,2012,Albanian,146,5
Love Is Blind,Lithuania,,Donny Montell,2012,English,70,14
Korake ti znam,Bosnia and Herzegovina,6jJo1iylxb0dciKH6wv1cs,Maya Sar,2012,Bosnian,55,18
Party for Everybody,Russia,,Buranovskiye Babushki,2012,"Udmurt, English",259,2
Never Forget,Iceland,,Greta Salóme and Jónsi,2012,English,46,20
La La Love,Cyprus,,Ivi Adamou,2012,English,65,16
Echo (You and I),France,1iqnkBWge47Yhboceuceas,Anggun,2012,"French, English",21,22
L'amore è femmina (Out of Love),Italy,,Nina Zilli,2012,"English, Italian",101,9
Kuula,Estonia,4AKJSL7TqJ1JwSdTMm45ht,Ott Lepland,2012,Estonian,120,6
Stay,Norway,2EMatUZHGgDWHCTysxZ8nP,Tooji,2012,English,7,26
When the Music Dies,Azerbaijan,1w2jm6QteAq3qw9xAYSe2W,Sabina Babayeva,2012,English,150,4
Zaleilah,Romania,73VPoYetnfQbWT8R9QJzaD,Mandinga,2012,"Spanish, English",71,12
Should've Known Better,Denmark,,Soluna Samay,2012,English,21,23
Aphrodisiac,Greece,5gchlXy35igCMYuK9UTcNj,Eleftheria Eleftheriou,2012,English,64,17
Euphoria,Sweden,4Qh4H4KxrlvTjPA6sAJC07,Loreen,2012,English,372,1
Love Me Back,Turkey,6Sa2IXbpv1TTpYdBY0dJXH,Can Bonomo,2012,English,112,7
Quédate conmigo,Spain,1TPrt3IdwHKzGwLBXbnf7N,Pastora Soler,2012,Spanish,97,10
Standing Still,Germany,18iPfjcNpNOx0XtpMhogl2,Roman Lob,2012,English,110,8
This Is the Night,Malta,3crsaMSUy4NWIm0ARcMRFK,Kurt Calleja,2012,English,41,21
Crno i belo (Црно и бело),Macedonia,,Kaliopi,2012,Macedonian,71,13
Waterline,Ireland,0xCMGAf80y3dUevG2qXpvS,Jedward,2012,English,46,19
Nije ljubav stvar (Није љубав ствар),Serbia,,Željko Joksimović,2012,Serbian,214,3
Be My Guest,Ukraine,,Gaitana,2012,English,65,15
Lăutar,Moldova,,Pasha Parfeny,2012,English7,81,11
L'enfer et moi,France,66NwER5WGfTuRJPdRZPujt,Amandine Bourgeois,2013,French,14,23
Something,Lithuania,7pyDcgyq6T2lNuJEYwhSlX,Andrius Pojavis,2013,English,17,22
O mie,Moldova,2OQ8r8PyqHRQgP5rZoNk5K,Aliona Moon,2013,Romanian,71,11
Marry Me,Finland,,Krista Siegfrids,2013,English,13,24
Contigo hasta el final,Spain,,ESDM,2013,Spanish2,8,25
Love Kills,Belgium,0FyoA6hNmCcGN5JKx8Rddp,Roberto Bellarosa,2013,English,71,12
Et uus saaks alguse,Estonia,1AyIVywds9OFxkhRXdPQ7j,Birgit,2013,Estonian,19,20
Solayoh,Belarus,1PYaCFko32RUtuSMuQTRAT,Alyona Lanskaya,2013,English,48,16
Tomorrow,Malta,,Gianluca,2013,English,120,8
What If,Russia,,Dina Garipova,2013,English,174,5
Glorious,Germany,1UqzLT0ZGWXD9K5npit5Nr,Cascada,2013,English,18,21
Lonely Planet,Armenia,,Dorians,2013,English,41,18
Birds,Netherlands,3k1Gv683KIfIyhRFJ6lKr0,Anouk,2013,English,114,9
It's My Life,Romania,,Cezar,2013,English,65,13
Believe in Me,United Kingdom,,Bonnie Tyler,2013,English,23,19
You,Sweden,3BRsqgwFC4oluDUkxRY5GC,Robin Stjernberg,2013,English,62,14
Kedvesem (Zoohacker Remix),Hungary,4TehWvsJK8Inb4esGxtNDc,ByeAlex,2013,Hungarian,84,10
Only Teardrops,Denmark,,Emmelie de Forest,2013,English,281,1
Ég á líf,Iceland,4Q0yu5ez3b3zFaTLNtdduq,Eythor Ingi,2013,Icelandic,47,17
Hold Me,Azerbaijan,2Xfav1hvYvP7pBAumIQLxC,Farid Mammadov,2013,English,234,2
Alcohol Is Free,Greece,,Koza Mostra feat. Agathon Iakovidis,2013,Greek1,152,6
Gravity,Ukraine,1WxAGei8rvLiUdr2S3Fh87,Zlata Ognevich,2013,English,214,3
L'essenziale,Italy,5klQSk2bLb0U3vnvGJUZf4,Marco Mengoni,2013,Italian,126,7
I Feed You My Love,Norway,24C9Klv9ddyg0TMs0DcCV3,Margaret Berger,2013,English,191,4
Waterfall,Georgia,,Nodi Tatishvili and Sophie Gelovani,2013,English,50,15
Only Love Survives,Ireland,7ol1CVOYISQsQmi2uW16kh,Ryan Dolan,2013,English,5,26
Tick-Tock,Ukraine,4kIheg2ykamUNNrSxL7t56,Mariya Yaremchuk,2014,English,113,6
Cheesecake,Belarus,4g7dROdE3ceRrBqmXR5TNF,Teo,2014,English,43,16
Start a Fire,Azerbaijan,3xTzDgXwnvIR5G3Qzd8aQP,Dilara Kazimova,2014,English,33,22
No Prejudice,Iceland,771It91cI450TNGMVLcYzX,Pollapönk,2014,English,58,15
Silent Storm,Norway,,Carl Espen,2014,English,88,8
Miracle,Romania,6zq4ocFM1PQ9kSfHFSlgfh,Paula Seling & Ovi,2014,English,72,12
Not Alone,Armenia,,Aram MP3,2014,English,174,4
Moj svijet (Мој свијет),Montenegro,,Sergej Ćetković,2014,Montenegrin,37,19
My Słowianie – We Are Slavic,Poland,,Donatan & Cleo,2014,"Polish, English",62,14
Rise Up,Greece,,Freaky Fortune feat. RiskyKidd,2014,English,35,20
Rise Like a Phoenix,Austria,0fvafkeEoF6Y9gGLK3Wnu3,Conchita Wurst,2014,English,290,1
Is It Right,Germany,2yexaJabgZ6OBOeYSr6JSy,Elaiza,2014,English,39,18
Undo,Sweden,3XhlY1x0LcIyHpZJB1g6WS,Sanna Nielsen,2014,English,218,3
Moustache,France,6ILOO5bZA9x6zanAMO0hKr,TWIN TWIN,2014,French2,2,26
Shine,Russia,,Tolmachevy Sisters,2014,English,89,7
La mia città,Italy,,Emma,2014,Italian3,33,21
Round and Round,Slovenia,7auFOYqKjSmfEYFGEuus8U,Tinkara Kovač,2014,"English, Slovene",9,25
Something Better,Finland,0i99ZWeMYZalyfqFvoj3ob,Softengine,2014,English,72,11
Dancing in the Rain,Spain,3ewuFERsiKOq5noSzJl6Uh,Ruth Lorenzo,2014,"English, Spanish",74,10
Hunter of Stars,Switzerland,5pX8S6xCA08WHIbddDnGRP,Sebalter,2014,English,64,13
Running,Hungary,,András Kállay-Saunders,2014,English,143,5
Coming Home,Malta,0kekgA2kWSWkCoqaeRuxpk,Firelight,2014,English,32,23
Cliché Love Song,Denmark,6r8sLTu4D4k27kmeSoCTzB,Basim,2014,English,74,9
Calm After the Storm,Netherlands,3mWdxSsbIK45Brors2XWR1,The Common Linnets,2014,English,238,2
Maybe,San Marino,,Valentina Monetta,2014,English,14,24
Children of the Universe,United Kingdom,,Molly,2014,English,40,17
Here for You,Slovenia,6xi0LuKiKCnMTndYFamgCc,Maraaya,2015,English,39,14
N'oubliez pas,France,4khNyfoM49usoXWeW8KpL0,Lisa Angell,2015,French,4,25
Golden Boy,Israel,6YWFr8BHQrRL4b7RwuqS36,Nadav Guedj,2015,English,97,9
Goodbye to Yesterday,Estonia,,Elina Born & Stig Rästa,2015,English,106,7
Still in Love with You,United Kingdom,4HtQzcTI6wh3Xjj4fAzz2l,Electro Velvet,2015,English,5,24
Face the Shadow,Armenia,5CQLfHofUitm7Ih1w9plVB,Genealogy,2015,English,34,16
This Time,Lithuania,,Monika Linkytė & Vaidas Baumila,2015,English,30,18
Beauty Never Lies,Serbia,5Rj2hTRHoX4dZB3EQZJmNN,Bojana Stamenov,2015,English,53,10
A Monster Like Me,Norway,,Mørland & Debrah Scarlett,2015,English,102,8
Heroes,Sweden,4ciaNqHWA2IzHphZaVRzHI,Måns Zelmerlöw,2015,English,365,1
One Thing I Should Have Done,Cyprus,2JmRQyQP78XKWlhAK2Yzml,John Karayiannis,2015,English,11,22
Tonight Again,Australia,12tYct92r1ZBh1gw6tYG8p,Guy Sebastian,2015,English,196,5
Rhythm Inside,Belgium,3O2MsMZHCgSbRGEca5ML1N,Loïc Nottet,2015,English,217,4
I Am Yours,Austria,69lMeHeBoAkekQZROdMam2,The Makemakes,2015,English,0,26
One Last Breath,Greece,2fBHIfKDD61I5G10SPBOuJ,Maria Elena Kyriakou,2015,English,23,19
Adio,Montenegro,1xQSkDI6H5L8ZAVnZcHuUf,Knez,2015,Montenegrin,44,13
Black Smoke,Germany,4eYZjo18UFkoShM2pNc7DX,Ann Sophie,2015,English,0,27
In the Name of Love,Poland,3QeIjbfwqVg9xwEKoxzfbN,Monika Kuszyńska,2015,English,10,23
Love Injected,Latvia,1hWgnVgAhxwP2YDLWeh8xh,Aminata,2015,English,186,6
De la capăt,Romania,6Vsw92xvDmHT4OePNoVCZ4,Voltaj,2015,"Romanian, English",35,15
Amanecer,Spain,4ZiMMIaoK9sSI1iQIvHSq8,Edurne,2015,Spanish,15,21
Wars for Nothing,Hungary,1tZjWXMJhOoi8BUeICyEeM,Boggie,2015,English,19,20
Warrior,Georgia,3kqPf4mg6OilhbrOwcaymg,Nina Sublatti,2015,English,51,11
Hour of the Wolf,Azerbaijan,3XhbPuJJG3MlAP2exjHoVy,Elnur Huseynov,2015,English,49,12
A Million Voices,Russia,,Polina Gagarina,2015,English,303,2
I'm Alive,Albania,5dwFtkca9kB0Txtqxsaitl,Elhaida Dani,2015,English,34,17
Grande amore,Italy,4IzDqftkFXUR8G2vaTd3Rb,Il Volo,2015,Italian,292,3
What's the Pressure,Belgium,4d3fHHVvWpwrKK727XE3b1,Laura Tesoro,2016,English,181,10
I Stand,Czech Republic,1rjlAtGiXwrJE8Tpj4lZ40,Gabriela Gunčíková,2016,English,41,25
Slow Down,Netherlands,3YHPxuqHwfYUhoTWoNDwZt,Douwe Bob,2016,English,153,11
Miracle,Azerbaijan,0etFNuOi2EMWBCE9EHJg11,Samra,2016,English,117,17
Pioneer,Hungary,6oedZ02tyJyBbGmMAnpNdR,Freddie,2016,English,108,19
No Degree of Separation,Italy,60hZOS486h0b6nvykyvR7a,Francesca Michielin,2016,"Italian, English",124,16
Made of Stars,Israel,2VdfyGuvpkm8M20swSPT2P,Hovi Star,2016,English,135,14
If Love Was a Crime,Bulgaria,,Poli Genova,2016,"English, Bulgarian",307,4
If I Were Sorry,Sweden,6oDkCmfVcSd9NXAKk1b4Ll,Frans,2016,English,261,5
Ghost,Germany,,Jamie-Lee,2016,English,11,26
J'ai cherché,France,1lzRxwbdl86iJlYMz48KoD,Amir,2016,"French, English",257,6
Color of Your Life,Poland,,Michał Szpak,2016,English,229,8
Sound of Silence,Australia,2b9czDPSLTI88694CIqCy3,Dami Im,2016,English,511,2
Alter Ego,Cyprus,,Minus One,2016,English,96,21
Goodbye (Shelter),Serbia,,Sanja Vučić ZAA,2016,English,115,18
I've Been Waiting for This Night,Lithuania,77vSGrdMLZ3OE5E58J7Svx,Donny Montell,2016,English,200,9
Lighthouse,Croatia,1FIh3B7UJ6UTLiKFJtZnsm,Nina Kraljić,2016,English,73,23
You Are the Only One,Russia,7cVXtwDpck4Kne4Ce8Ge6q,Sergey Lazarev,2016,English,491,3
Say Yay!,Spain,7DtnbNXYrv8ldS4xqA87tT,Barei,2016,English,77,22
Heartbeat,Latvia,5qivjEhzCHwxBZKp9AD9Rb,Justs,2016,English,132,15
1944,Ukraine,2nxTpjhxLXeyBOxYnRnT76,Jamala,2016,"English, Crimean Tatar",534,1
Walk on Water,Malta,6t9ECIs2ypkHQQ49VvhA3h,Ira Losco,2016,English,153,12
Midnight Gold,Georgia,,Nika Kocharov & Young Georgian Lolitaz,2016,English,104,20
Loin d'ici,Austria,1q2LeVE240en0ZMT2PAfYn,Zoë,2016,French,151,13
You're Not Alone,United Kingdom,3IYQ2ZLmZTG5sNiRzbaBp6,Joe and Jake,2016,English,62,24
LoveWave,Armenia,,Iveta Mukuchyan,2016,English,249,7
I Feel Alive,Israel,0uvCOD3I7rr86UEQfXXijF,IMRI,2017,English,39,23
Flashlight,Poland,26D88ZaVe08FKhUrdttd3t,Kasia Moś,2017,English,64,22
Story of My Life,Belarus,,Naviband,2017,Belarusian[e],83,17
Running on Air,Austria,1WpQu8U3quBeGnhpZn0r7N,Nathan Trent,2017,English,93,16
Fly with Me,Armenia,2m3jN95GjlFt51FeE4a55s,Artsvik,2017,English,79,18
Lights and Shadows,Netherlands,,O'G3NE,2017,English,150,11
"Hey, Mamma!",Moldova,4Vik7bcpSZEQLIwCLe5aSx,Sunstroke Project,2017,English,374,3
Origo,Hungary,,Joci Pápai,2017,Hungarian[c],200,8
Occidentali's Karma,Italy,4UPyr3Tep8idtAmisAu1qs,Francesco Gabbani,2017,Italian[f],334,6
Where I Am,Denmark,,Anja,2017,English,77,20
Amar pelos dois,Portugal,3UjSOJ00E1eLMcayBm827Q,Salvador Sobral,2017,Portuguese,758,1
Skeletons,Azerbaijan,4NtcojKRdDC5AL9PtxlAQN,Dihaj,2017,English,120,14
My Friend,Croatia,184cjXwukXedpuWm4Xl6X7,Jacques Houdek,2017,"English, Italian",128,13
Don't Come Easy,Australia,2xI4CmkT6Bl4s5b4qggcgU,Isaiah,2017,English,173,9
This Is Love,Greece,6x508kWYHYLgVIZv6rnufC,Demy,2017,English,77,19
Do It for Your Lover,Spain,1wwcsua0ofpGmmPaTRg1SX,Manel Navarro,2017,"Spanish, English",5,26
Grab the Moment,Norway,,JOWST[d],2017,English,158,10
Never Give Up on You,United Kingdom,67bhFQT17Kh4Z7GkyQHGYG,Lucie Jones,2017,English,111,15
Gravity,Cyprus,36AAM1eXvwuaMMdKmjiEvD,Hovig,2017,English,68,21
Yodel It!,Romania,,Ilinca ft. Alex Florea,2017,English,282,7
Perfect Life,Germany,04yr4MXjMrQZlZlcdqFtgN,Levina,2017,English,6,25
Time,Ukraine,7xzXyOnErZDcgsGlchy4ec,O.Torvald,2017,English,36,24
City Lights,Belgium,5y2jVejsPBdiUOZWQodtbq,Blanche,2017,English,363,4
I Can't Go On,Sweden,715cD5vOTffsOR3MnNYveJ,Robin Bengtsson,2017,English,344,5
Beautiful Mess,Bulgaria,54ibWn7vBabFt6srLwccav,Kristian Kostov,2017,English,615,2
Requiem,France,2cVoJmMLx0uhezvXOIvogS,Alma,2017,"French, English",135,12